time,ch1,ch2
0,-0.04,-0.0248
5.00000000000012e-08,0,0.02
1.00000000000002e-07,-0.04,-0.0056
1.50000000000004e-07,-0.04,-0.0112
2.00000000000005e-07,-0.04,0.0168
2.50000000000006e-07,-0.04,-0.0112
3.00000000000007e-07,-0.04,-0.0088
3.50000000000009e-07,-0.04,0.0168
4.0000000000001e-07,-0.04,-0.012
4.50000000000011e-07,-0.04,-0.0032
4.99999999999999e-07,0,0.0064
5.5e-07,-0.04,-0.008
6.00000000000001e-07,-0.04,0
6.50000000000002e-07,0,0.0064
7.00000000000003e-07,-0.04,-0.0096
7.50000000000005e-07,-0.04,0.0016
8.00000000000006e-07,0,0.0016
8.50000000000007e-07,-0.04,-0.0032
9.00000000000008e-07,0,-0.0024
9.5000000000001e-07,-0.04,0.0032
1.00000000000001e-06,-0.04,-0.0056
1.05000000000001e-06,-0.04,0.004
1.1e-06,-0.04,-0.0016
1.15e-06,-0.04,-0.0056
1.2e-06,-0.04,0.0048
1.25e-06,-0.04,-0.0032
1.3e-06,0,0.0016
1.35000000000001e-06,-0.04,-0.0032
1.40000000000001e-06,-0.04,0.0016
1.45000000000001e-06,-0.04,-0.0056
1.50000000000001e-06,-0.04,0.0032
1.55000000000001e-06,-0.04,-0.0032
1.60000000000001e-06,0,8e-04
1.65e-06,-0.04,0
1.7e-06,-0.04,0
1.75e-06,-0.04,-0.0024
1.8e-06,-0.04,-0.0016
1.85e-06,-0.04,0
1.90000000000001e-06,0,0
1.95000000000001e-06,-0.04,-0.0024
2.00000000000001e-06,-0.04,-0.0024
2.05000000000001e-06,-0.04,0.0016
2.10000000000001e-06,-0.04,-0.0048
2.15000000000001e-06,-0.04,-0.0016
2.2e-06,0,0
2.25e-06,-0.04,-0.0032
2.3e-06,-0.04,0.0032
2.35e-06,0,-0.0024
2.4e-06,-0.04,-0.004
2.45000000000001e-06,-0.04,0.0016
2.50000000000001e-06,-0.04,-0.0024
2.55000000000001e-06,-0.04,-0.0024
2.60000000000001e-06,-0.04,8e-04
2.65000000000001e-06,-0.04,0.0016
2.70000000000001e-06,-0.04,-0.0048
2.75e-06,-0.04,0.0016
2.8e-06,0,-8e-04
2.85e-06,-0.04,8e-04
2.9e-06,-0.04,-0.0056
2.95e-06,-0.04,0.0064
3.00000000000001e-06,-0.04,-0.0016
3.05000000000001e-06,-0.04,-0.0024
3.10000000000001e-06,0,-0.0056
3.15000000000001e-06,-0.04,0
3.20000000000001e-06,-0.04,-0.0016
3.25000000000001e-06,-0.04,0.0336
3.3e-06,-0.04,-0.0384
3.35e-06,-0.04,-0.0112
3.4e-06,0,0.0336
3.45e-06,-0.04,-0.0224
3.5e-06,0,8e-04
3.55e-06,-0.08,0.0152
3.60000000000001e-06,-0.04,-0.0256
3.65000000000001e-06,0,8e-04
3.70000000000001e-06,-0.04,0.024
3.75000000000001e-06,-0.04,-0.032
3.80000000000001e-06,0,0.0176
3.85e-06,-0.04,0.0072
3.9e-06,-0.04,-0.0216
3.95e-06,0,0.0088
4e-06,-0.04,0.008
4.05e-06,0,-0.0192
4.1e-06,-0.04,0.016
4.15000000000001e-06,-0.04,-0.0096
4.20000000000001e-06,-0.04,-0.0056
4.25000000000001e-06,-0.04,0.0128
4.30000000000001e-06,-0.04,-0.0056
4.35000000000001e-06,-0.04,-0.0064
4.4e-06,0,0.0016
4.45e-06,-0.04,0.0072
4.5e-06,-0.04,-0.012
4.55e-06,-0.04,0.0136
4.6e-06,-0.04,-0.0136
4.65e-06,-0.04,-0.0024
4.70000000000001e-06,-0.04,0.0016
4.75000000000001e-06,0,0.0016
4.80000000000001e-06,-0.04,-0.0056
4.85000000000001e-06,-0.04,0.0064
4.90000000000001e-06,-0.08,-0.0056
4.95000000000001e-06,-0.04,-0.0048
5e-06,-0.04,0.0048
5.05e-06,-0.04,-0.0016
5.1e-06,-0.04,8e-04
5.15e-06,-0.04,-0.008
5.2e-06,-0.04,0.0096
5.25000000000001e-06,0,-0.0064
5.30000000000001e-06,-0.04,8e-04
5.35000000000001e-06,0,0.004
5.40000000000001e-06,-0.04,-0.0128
5.45000000000001e-06,0,0.0056
5.50000000000001e-06,-0.04,0.0104
5.55e-06,-0.04,-0.0144
5.6e-06,-0.04,-0.0024
5.65e-06,0,0.0104
5.7e-06,-0.04,-0.008
5.75e-06,-0.04,-0.0056
5.80000000000001e-06,0,0.0168
5.85000000000001e-06,-0.04,-0.0192
5.90000000000001e-06,0,0.0024
5.95000000000001e-06,-0.04,0.0064
6.00000000000001e-06,-0.04,-0.0056
6.05000000000001e-06,0,-0.0048
6.1e-06,-0.04,0.0112
6.15e-06,-0.04,-0.016
6.2e-06,0,0.008
6.25e-06,-0.04,8e-04
6.3e-06,-0.04,-0.008
6.35000000000001e-06,-0.04,0.0032
6.40000000000001e-06,-0.04,-0.0016
6.45000000000001e-06,-0.04,-0.0024
6.50000000000001e-06,-0.04,8e-04
6.55000000000001e-06,-0.04,0
6.60000000000001e-06,0,-0.0064
6.65e-06,-0.04,0.0048
6.7e-06,-0.04,-0.0016
6.75e-06,0,-0.0024
6.8e-06,-0.04,0
6.85e-06,-0.04,-0.0016
6.90000000000001e-06,-0.04,-0.0024
6.95000000000001e-06,-0.04,8e-04
7.00000000000001e-06,-0.04,0
7.05000000000001e-06,0,-0.0024
7.10000000000001e-06,-0.04,8e-04
7.15000000000001e-06,-0.04,0
7.2e-06,-0.04,-0.0032
7.25e-06,-0.04,0.0016
7.3e-06,-0.04,-0.0024
7.35e-06,0,-0.0016
7.4e-06,-0.04,-0.0016
7.45e-06,-0.04,0
7.50000000000001e-06,0,-8e-04
7.55000000000001e-06,-0.04,-0.0016
7.60000000000001e-06,0,-0.0016
7.65000000000001e-06,-0.04,-0.0016
7.70000000000001e-06,0,0.0048
7.75e-06,-0.04,-0.004
7.8e-06,0,8e-04
7.85e-06,-0.04,-0.0024
7.9e-06,0,0.004
7.95e-06,-0.04,-0.0064
8e-06,0,0.0024
8.05000000000001e-06,-0.04,-0.0024
8.10000000000001e-06,-0.04,0
8.15000000000001e-06,0,-8e-04
8.20000000000001e-06,-0.04,0.0016
8.25000000000001e-06,-0.04,-8e-04
8.3e-06,0,-0.0032
8.35e-06,-0.04,0.0048
8.4e-06,-0.04,-0.0096
8.45e-06,-0.04,0.0096
8.5e-06,-0.04,-0.0096
8.55e-06,0,0.004
8.60000000000001e-06,0,-0.004
8.65000000000001e-06,-0.04,0.0032
8.70000000000001e-06,-0.04,-0.0032
8.75000000000001e-06,-0.08,0.0032
8.80000000000001e-06,0,-0.0024
8.85000000000001e-06,-0.04,8e-04
8.9e-06,0,-8e-04
8.95e-06,-0.04,8e-04
9e-06,-0.04,-0.0048
9.05e-06,0,0.0032
9.1e-06,-0.04,-0.004
9.15000000000001e-06,-0.04,0.0024
9.20000000000001e-06,-0.04,-0.0048
9.25000000000001e-06,-0.04,0.0032
9.30000000000001e-06,-0.04,-0.004
9.35000000000001e-06,0,0
9.40000000000001e-06,-0.04,-0.0016
9.45e-06,-0.04,0
9.5e-06,0,0.0016
9.55e-06,-0.04,-0.0064
9.6e-06,-0.04,0.004
9.65e-06,-0.04,-0.0064
9.70000000000001e-06,-0.04,0.0048
9.75000000000001e-06,-0.04,-0.0064
9.80000000000001e-06,-0.04,0.004
9.85000000000001e-06,-0.04,-0.0024
9.90000000000001e-06,-0.04,8e-04
9.95000000000001e-06,-0.04,-0.0024
1e-05,-0.04,-0.0016
1.005e-05,-0.04,0.0016
1.01e-05,0,-0.0024
1.015e-05,-0.04,0
1.02e-05,0,8e-04
1.025e-05,-0.04,-0.0048
1.03e-05,-0.04,0.0048
1.035e-05,0,-0.0048
1.04e-05,-0.04,0.0024
1.045e-05,0,-0.0024
1.05e-05,-0.04,0.0032
1.055e-05,0,-0.0048
1.06e-05,-0.04,0.0032
1.065e-05,-0.08,-0.0032
1.07e-05,-0.04,8e-04
1.075e-05,-0.04,-0.0032
1.08e-05,0,8e-04
1.085e-05,0,0
1.09e-05,0,0.0016
1.095e-05,-0.04,-0.0032
1.1e-05,-0.04,0
1.105e-05,-0.04,0
1.11e-05,-0.04,-0.0024
1.115e-05,-0.04,8e-04
1.12e-05,-0.04,-8e-04
1.125e-05,0,-8e-04
1.13e-05,-0.04,0
1.135e-05,-0.04,-0.0024
1.14e-05,-0.04,-0.0016
1.145e-05,-0.04,0.0016
1.15e-05,0,-0.0016
1.155e-05,-0.04,0
1.16e-05,0,0
1.165e-05,-0.04,-0.0024
1.17e-05,0,-8e-04
1.175e-05,-0.04,0.0016
1.18e-05,0,-0.0048
1.185e-05,-0.04,0.0016
1.19e-05,0,-0.0024
1.195e-05,0,8e-04
1.2e-05,-0.04,-0.0056
1.205e-05,-0.04,0.0032
1.21e-05,-0.04,-0.0056
1.215e-05,0,0.004
1.22e-05,-0.08,-0.0048
1.225e-05,0,0.0032
1.23e-05,-0.04,-0.0024
1.235e-05,-0.04,-0.0016
1.24e-05,-0.04,0
1.245e-05,0,8e-04
1.25e-05,-0.04,0
1.255e-05,-0.04,-0.0016
1.26e-05,0,0
1.265e-05,0,0
1.27e-05,0,0
1.275e-05,-0.04,-0.0016
1.28e-05,-0.04,-8e-04
1.285e-05,0,-0.0016
1.29e-05,-0.04,0
1.295e-05,-0.04,-0.0016
1.3e-05,-0.04,0
1.305e-05,-0.04,0
1.31e-05,0,-0.0016
1.315e-05,-0.04,-0.0016
1.32e-05,-0.04,8e-04
1.325e-05,0,-0.0016
1.33e-05,-0.04,0.0016
1.335e-05,-0.04,-0.0048
1.34e-05,-0.04,0
1.345e-05,0,-8e-04
1.35e-05,-0.04,-8e-04
1.355e-05,-0.04,8e-04
1.36e-05,-0.04,0.0048
1.365e-05,-0.04,-0.0024
1.37e-05,-0.04,8e-04
1.375e-05,-0.04,-0.0032
1.38e-05,-0.04,-0.0048
1.385e-05,0,0.0064
1.39e-05,-0.04,-0.0056
1.395e-05,-0.04,8e-04
1.4e-05,-0.04,-0.0032
1.405e-05,-0.04,0
1.41e-05,-0.04,0
1.415e-05,-0.04,-0.0016
1.42e-05,-0.04,-0.0016
1.425e-05,-0.04,8e-04
1.43e-05,0,8e-04
1.435e-05,-0.04,-0.004
1.44e-05,-0.04,0.0016
1.445e-05,-0.04,-0.004
1.45e-05,-0.04,8e-04
1.455e-05,0,-0.0016
1.46e-05,-0.04,0
1.465e-05,0,0
1.47e-05,0,-8e-04
1.475e-05,-0.04,-0.0048
1.48e-05,-0.04,8e-04
1.485e-05,0,0.0032
1.49e-05,-0.08,-0.0032
1.495e-05,-0.04,8e-04
1.5e-05,-0.04,-0.0024
1.505e-05,-0.04,-0.0016
1.51e-05,-0.04,0.0032
1.515e-05,-0.04,-0.0048
1.52e-05,-0.04,8e-04
1.525e-05,-0.04,0.0016
1.53e-05,-0.04,0
1.535e-05,-0.04,-0.0024
1.54e-05,-0.04,-0.0016
1.545e-05,0,-0.0056
1.55e-05,-0.04,0.0048
1.555e-05,-0.04,-8e-04
1.56e-05,-0.04,8e-04
1.565e-05,-0.04,-0.0048
1.57e-05,0,-0.0016
1.575e-05,-0.04,0.004
1.58e-05,0,0.0032
1.585e-05,-0.04,-0.0032
1.59e-05,-0.04,-0.008
1.595e-05,-0.04,0.0016
1.6e-05,-0.04,0.004
1.605e-05,-0.08,0
1.61e-05,0,-0.004
1.615e-05,0,-0.0048
1.62e-05,-0.04,-8e-04
1.625e-05,-0.04,0.0016
1.63e-05,-0.04,0
1.635e-05,0,-0.0016
1.64e-05,-0.04,-0.0048
1.645e-05,-0.04,-0.0016
1.65e-05,-0.04,0.0024
1.655e-05,-0.04,0.0024
1.66e-05,-0.04,-0.0032
1.665e-05,0,-0.0024
1.67e-05,-0.04,-0.0024
1.675e-05,-0.04,8e-04
1.68e-05,0,0.004
1.685e-05,-0.04,-0.0056
1.69e-05,0,-0.0016
1.695e-05,-0.08,-0.0032
1.7e-05,-0.04,0.004
1.705e-05,-0.04,-0.0016
1.71e-05,-0.04,0.0016
1.715e-05,-0.04,-0.0064
1.72e-05,0,0
1.725e-05,-0.04,0.0016
1.73e-05,-0.04,8e-04
1.735e-05,-0.04,0
1.74e-05,-0.04,0.0016
1.745e-05,-0.04,-0.0048
1.75e-05,-0.04,8e-04
1.755e-05,-0.04,0.004
1.76e-05,-0.08,-0.0032
1.765e-05,-0.04,0.0056
1.77e-05,-0.04,-0.0048
1.775e-05,-0.04,-0.0024
1.78e-05,0,0.0056
1.785e-05,-0.04,0.0072
1.79e-05,-0.04,-0.0224
1.795e-05,-0.04,0.0216
1.8e-05,0,-0.0112
1.805e-05,-0.04,0.0024
1.81e-05,0,0.0016
1.815e-05,-0.04,-0.0056
1.82e-05,-0.04,-0.0016
1.825e-05,0,0.0104
1.83e-05,-0.04,-0.0136
1.835e-05,-0.04,0.0032
1.84e-05,0,8e-04
1.845e-05,-0.04,-0.0024
1.85e-05,-0.04,0.0032
1.855e-05,0,-0.0024
1.86e-05,-0.04,0
1.865e-05,-0.04,-0.0024
1.87e-05,0,0.0048
1.875e-05,0,-0.008
1.88e-05,-0.04,0.008
1.885e-05,-0.04,-0.0064
1.89e-05,-0.04,0.0024
1.895e-05,-0.04,0.0016
1.9e-05,-0.04,-0.0152
1.905e-05,-0.04,0.0096
1.91e-05,-0.04,-0.0016
1.915e-05,0,-0.0048
1.92e-05,-0.04,8e-04
1.925e-05,0,0.0032
1.93e-05,-0.04,-0.0064
1.935e-05,-0.08,0.0072
1.94e-05,-0.04,-0.0032
1.945e-05,-0.04,-0.0024
1.95e-05,-0.04,0.0048
1.955e-05,-0.04,-0.0024
1.96e-05,-0.04,-0.0024
1.965e-05,-0.04,0.0016
1.97e-05,-0.04,0
1.975e-05,0,-0.0088
1.98e-05,-0.04,0.0072
1.985e-05,-0.04,8e-04
1.99e-05,-0.04,-0.0112
1.995e-05,-0.04,0.0112
2e-05,0,-0.0048
2.005e-05,-0.04,-0.0104
2.01e-05,-0.04,0.0192
2.015e-05,-0.04,-0.0064
2.02e-05,-0.04,-0.0128
2.025e-05,-0.08,0.012
2.03e-05,-0.04,0.0016
2.035e-05,-0.04,-0.0144
2.04e-05,0,0.0144
2.045e-05,0,-0.008
2.05e-05,-0.04,-0.0048
2.055e-05,0,0.0072
2.06e-05,0,8e-04
2.065e-05,-0.04,-0.0104
2.07e-05,-0.04,0.0104
2.075e-05,0,-0.0056
2.08e-05,-0.04,-0.0024
2.085e-05,-0.04,0.0056
2.09e-05,-0.04,-0.004
2.095e-05,-0.04,0
2.1e-05,0,0.0048
2.105e-05,-0.04,-0.0152
2.11e-05,-0.04,0.0328
2.115e-05,-0.04,-0.0184
2.12e-05,0,-0.016
2.125e-05,-0.04,0.0336
2.13e-05,-0.04,-0.0272
2.135e-05,-0.04,0.0104
2.14e-05,-0.04,-8e-04
2.145e-05,-0.04,-0.0112
2.15e-05,0,0.0072
2.155e-05,-0.08,0.0064
2.16e-05,-0.04,-0.0192
2.165e-05,0,0.0128
2.17e-05,-0.04,-0.0048
2.175e-05,-0.04,8e-04
2.18e-05,0,0.004
2.185e-05,-0.04,-0.0056
2.19e-05,-0.04,-0.0056
2.195e-05,-0.04,0.0032
2.2e-05,0,0.0032
2.205e-05,-0.04,-8e-04
2.21e-05,0,8e-04
2.215e-05,-0.04,-0.0112
2.22e-05,-0.04,0.0072
2.225e-05,0,8e-04
2.23e-05,-0.04,0.0088
2.235e-05,-0.04,-0.0224
2.24e-05,-0.04,0.0144
2.245e-05,-0.04,-0.0064
2.25e-05,0,-8e-04
2.255e-05,-0.04,0.0048
2.26e-05,-0.04,0.0016
2.265e-05,0,-0.008
2.27e-05,0,0.0032
2.275e-05,-0.04,0
2.28e-05,0,-0.0024
2.285e-05,-0.04,0.004
2.29e-05,-0.04,-0.008
2.295e-05,-0.04,0
2.3e-05,0,0.0032
2.305e-05,0,0
2.31e-05,-0.04,-0.0024
2.315e-05,0,0.0016
2.32e-05,0,-0.0064
2.325e-05,-0.04,0.0032
2.33e-05,0,0.0048
2.335e-05,-0.04,-0.0032
2.34e-05,0,-0.0024
2.345e-05,-0.04,0.0016
2.35e-05,0,-0.0032
2.355e-05,-0.04,0.004
2.36e-05,0,-8e-04
2.365e-05,0,-0.0016
2.37e-05,-0.04,-8e-04
2.375e-05,-0.04,0
2.38e-05,-0.04,8e-04
2.385e-05,-0.04,0.0016
2.39e-05,-0.04,-0.0056
2.395e-05,-0.04,0.0016
2.4e-05,0,-0.0024
2.405e-05,-0.04,0.004
2.41e-05,-0.04,-0.0032
2.415e-05,0,-8e-04
2.42e-05,-0.04,8e-04
2.425e-05,-0.04,-0.0032
2.43e-05,-0.04,0.0032
2.435e-05,-0.04,-0.0024
2.44e-05,-0.04,-8e-04
2.445e-05,-0.04,-8e-04
2.45e-05,-0.04,0.0016
2.455e-05,0,-0.0016
2.46e-05,-0.04,-0.0024
2.465e-05,-0.04,8e-04
2.47e-05,-0.04,8e-04
2.475e-05,0,-0.0024
2.48e-05,0,0.0016
2.485e-05,-0.04,-0.0016
2.49e-05,0,0
2.495e-05,-0.04,0
2.5e-05,0,-0.0024
2.505e-05,-0.04,0.0024
2.51e-05,-0.04,0.0016
2.515e-05,0,-0.0056
2.52e-05,-0.04,0.0056
2.525e-05,0,8e-04
2.53e-05,0,-0.004
2.535e-05,-0.04,0.004
2.54e-05,0,-0.0024
2.545e-05,-0.04,0.0016
2.55e-05,-0.04,0.004
2.555e-05,-0.04,-0.0024
2.56e-05,-0.04,-0.0024
2.565e-05,0,0.0032
2.57e-05,-0.04,-0.0048
2.575e-05,0,0.0032
2.58e-05,-0.04,-0.0016
2.585e-05,-0.04,0.0016
2.59e-05,0,0
2.595e-05,0,-0.0032
2.6e-05,-0.04,0.0072
2.605e-05,0,-0.0104
2.61e-05,-0.04,0.0112
2.615e-05,0,-0.0128
2.62e-05,-0.04,0.0072
2.625e-05,-0.04,-0.0064
2.63e-05,-0.04,0.0064
2.635e-05,0,-0.008
2.64e-05,-0.04,0.0048
2.645e-05,-0.04,-0.0048
2.65e-05,-0.04,0.0016
2.655e-05,0,-0.0024
2.66e-05,0,0
2.665e-05,-0.04,8e-04
2.67e-05,0,0
2.675e-05,0,-0.0016
2.68e-05,-0.04,0
2.685e-05,0,8e-04
2.69e-05,-0.04,-8e-04
2.695e-05,0,0.0024
2.7e-05,-0.08,-0.0016
2.705e-05,-0.04,8e-04
2.71e-05,-0.04,-0.0024
2.715e-05,0,0.0032
2.72e-05,-0.04,-0.0048
2.725e-05,0,0.004
2.73e-05,0,-0.0024
2.735e-05,-0.04,0.0032
2.74e-05,0,-0.0056
2.745e-05,-0.04,0.004
2.75e-05,-0.04,-0.0048
2.755e-05,0,0.0016
2.76e-05,-0.04,-8e-04
2.765e-05,-0.04,8e-04
2.77e-05,-0.04,0.0016
2.775e-05,-0.04,-0.0024
2.78e-05,0,0
2.785e-05,0,-0.0032
2.79e-05,-0.04,0.004
2.795e-05,-0.04,-0.0024
2.8e-05,-0.04,8e-04
2.805e-05,0,-0.0016
2.81e-05,-0.04,0
2.815e-05,-0.04,-0.0016
2.82e-05,0,8e-04
2.825e-05,0,-0.0024
2.83e-05,-0.04,0.004
2.835e-05,-0.04,-0.0112
2.84e-05,0,0.0048
2.845e-05,-0.04,-0.0016
2.85e-05,0,-0.0016
2.855e-05,-0.04,0
2.86e-05,-0.04,0
2.865e-05,0,8e-04
2.87e-05,0,0.0024
2.875e-05,-0.04,-0.0016
2.88e-05,-0.04,-0.0048
2.885e-05,0,0.0048
2.89e-05,-0.04,-0.0048
2.895e-05,-0.04,0.0032
2.9e-05,-0.04,-0.0048
2.905e-05,0,0.004
2.91e-05,-0.04,-0.0032
2.915e-05,-0.08,0
2.92e-05,-0.04,-0.0048
2.925e-05,-0.04,0.0064
2.93e-05,0,-0.0024
2.935e-05,0,0.0016
2.94e-05,-0.04,-0.0032
2.945e-05,-0.04,0.0064
2.95e-05,-0.04,-0.0064
2.955e-05,-0.04,0.0048
2.96e-05,-0.04,-0.0024
2.965e-05,-0.04,0
2.97e-05,0,0
2.975e-05,-0.04,-8e-04
2.98e-05,0,8e-04
2.985e-05,-0.04,8e-04
2.99e-05,0,-0.0016
2.995e-05,-0.04,-8e-04
3e-05,-0.04,0.0016
3.005e-05,-0.04,-0.0024
3.01e-05,0,0.0024
3.015e-05,-0.04,0
3.02e-05,-0.04,-0.0024
3.025e-05,0,0
3.03e-05,-0.04,0.0024
3.035e-05,0,8e-04
3.04e-05,-0.04,-0.0016
3.045e-05,0,0.0032
3.05e-05,-0.04,-0.0056
3.055e-05,-0.04,0.0016
3.06e-05,-0.04,-0.0048
3.065e-05,0,0.0032
3.07e-05,-0.04,-0.0024
3.075e-05,-0.04,0.0016
3.08e-05,0,-0.0032
3.085e-05,-0.04,0.004
3.09e-05,-0.04,-0.0056
3.095e-05,-0.04,0.0032
3.1e-05,-0.04,-0.0024
3.105e-05,0,8e-04
3.11e-05,-0.04,0
3.115e-05,0,8e-04
3.12e-05,-0.04,-0.0032
3.125e-05,0,0
3.13e-05,-0.04,0
3.135e-05,-0.04,-0.0016
3.14e-05,-0.04,8e-04
3.145e-05,-0.04,0.0032
3.15e-05,0,0
3.155e-05,-0.04,-0.0024
3.16e-05,-0.04,0.0016
3.165e-05,-0.04,-0.0024
3.17e-05,-0.04,0.0016
3.175e-05,0,0
3.18e-05,-0.04,-0.0016
3.185e-05,0,-0.0016
3.19e-05,-0.04,0.004
3.195e-05,-0.04,-0.0032
3.2e-05,-0.04,0.0016
3.205e-05,-0.04,8e-04
3.21e-05,-0.04,-0.0016
3.215e-05,-0.04,-0.0016
3.22e-05,-0.04,0.0016
3.225e-05,-0.04,-8e-04
3.23e-05,-0.04,8e-04
3.235e-05,0,-0.0056
3.24e-05,-0.08,0.0048
3.245e-05,-0.04,-0.0032
3.25e-05,-0.04,0.0048
3.255e-05,-0.04,-0.0032
3.26e-05,0,-0.0016
3.265e-05,-0.04,8e-04
3.27e-05,-0.04,-0.0016
3.275e-05,-0.04,0.0032
3.28e-05,-0.04,-8e-04
3.285e-05,-0.04,-8e-04
3.29e-05,0,-0.0016
3.295e-05,-0.04,0.0032
3.3e-05,-0.04,-0.0064
3.305e-05,-0.04,0.0064
3.31e-05,-0.04,-0.0032
3.315e-05,-0.04,0
3.32e-05,0,0
3.325e-05,-0.04,0
3.33e-05,-0.04,8e-04
3.335e-05,-0.04,-0.0032
3.34e-05,-0.04,-0.0016
3.345e-05,-0.04,8e-04
3.35e-05,-0.04,0
3.355e-05,0,-0.0024
3.36e-05,-0.04,0
3.365e-05,-0.04,-0.0024
3.37e-05,-0.04,0.0016
3.375e-05,0,-0.0032
3.38e-05,-0.04,8e-04
3.385e-05,-0.04,8e-04
3.39e-05,0,-0.0032
3.395e-05,-0.08,8e-04
3.4e-05,-0.04,0
3.405e-05,0,-0.0016
3.41e-05,-0.04,0.0032
3.415e-05,0,-8e-04
3.42e-05,-0.04,0
3.425e-05,-0.04,8e-04
3.43e-05,-0.04,0.0016
3.435e-05,0,-0.0016
3.44e-05,-0.04,-0.0152
3.445e-05,-0.04,0.0216
3.45e-05,-0.04,-0.0112
3.455e-05,-0.04,0
3.46e-05,0,0.0032
3.465e-05,-0.04,-0.0072
3.47e-05,-0.04,-0.0016
3.475e-05,-0.04,0.0176
3.48e-05,-0.04,-0.0192
3.485e-05,-0.04,0.0016
3.49e-05,-0.04,0.0136
3.495e-05,-0.04,-0.0128
3.5e-05,-0.04,0
3.505e-05,-0.04,0.0104
3.51e-05,-0.04,-0.0152
3.515e-05,-0.04,0.0016
3.52e-05,-0.04,0.0144
3.525e-05,-0.04,-0.0128
3.53e-05,-0.04,0.0024
3.535e-05,-0.04,0.0072
3.54e-05,0,-0.0192
3.545e-05,-0.04,0.0088
3.55e-05,-0.04,0.0176
3.555e-05,-0.04,-0.0336
3.56e-05,-0.04,0.0144
3.565e-05,-0.04,0.0168
3.57e-05,-0.04,-0.0312
3.575e-05,-0.04,0.0176
3.58e-05,-0.04,0.0032
3.585e-05,-0.04,-0.016
3.59e-05,-0.04,0.0192
3.595e-05,0,-0.0048
3.6e-05,-0.04,-0.0152
3.605e-05,-0.04,0.0192
3.61e-05,0,-0.0048
3.615e-05,-0.04,-0.0096
3.62e-05,0,0.0104
3.625e-05,-0.04,-0.0056
3.63e-05,0,-0.0016
3.635e-05,-0.04,0.0064
3.64e-05,0,-0.0072
3.645e-05,-0.04,0.0016
3.65e-05,-0.04,0.0048
3.655e-05,-0.04,-0.0048
3.66e-05,0,-0.0016
3.665e-05,-0.04,0.004
3.67e-05,-0.04,-0.0048
3.675e-05,0,8e-04
3.68e-05,-0.04,8e-04
3.685e-05,-0.04,-0.0024
3.69e-05,-0.04,0
3.695e-05,0,0.0032
3.7e-05,-0.04,-0.0024
3.705e-05,-0.04,0
3.71e-05,0,0.004
3.715e-05,-0.08,-0.0064
3.72e-05,0,8e-04
3.725e-05,-0.04,8e-04
3.73e-05,-0.04,-0.0016
3.735e-05,-0.04,0.0016
3.74e-05,-0.04,0
3.745e-05,-0.04,-0.0032
3.75e-05,-0.04,0.0032
3.755e-05,-0.04,-8e-04
3.76e-05,0,0.0016
3.765e-05,-0.04,0
3.77e-05,-0.04,0
3.775e-05,-0.04,-0.0024
3.78e-05,0,-0.0016
3.785e-05,-0.04,8e-04
3.79e-05,0,0.0016
3.795e-05,-0.04,-0.004
3.8e-05,0,8e-04
3.805e-05,-0.04,0.0016
3.81e-05,-0.04,-0.0032
3.815e-05,0,0.0016
3.82e-05,-0.04,-0.0016
3.825e-05,0,-0.0016
3.83e-05,-0.04,0.0032
3.835e-05,0,-0.0024
3.84e-05,-0.04,-8e-04
3.845e-05,-0.04,8e-04
3.85e-05,-0.04,-0.0024
3.855e-05,-0.04,0
3.86e-05,-0.04,0.0016
3.865e-05,-0.04,-0.0032
3.87e-05,0,0.0056
3.875e-05,-0.04,-0.0048
3.88e-05,-0.04,8e-04
3.885e-05,0,0.0024
3.89e-05,-0.08,-0.0112
3.895e-05,0,0.0288
3.9e-05,-0.04,-0.0288
3.905e-05,0,-0.0024
3.91e-05,-0.04,0.0328
3.915e-05,-0.04,-0.024
3.92e-05,-0.04,-0.0112
3.925e-05,-0.04,0.0296
3.93e-05,-0.04,-0.0216
3.935e-05,-0.04,8e-04
3.94e-05,-0.04,0.02
3.945e-05,-0.04,-0.032
3.95e-05,-0.08,0.0176
3.955e-05,-0.04,0.012
3.96e-05,-0.04,-0.0224
3.965e-05,-0.04,0.0064
3.97e-05,-0.04,0.0088
3.975e-05,-0.04,-0.0176
3.98e-05,-0.08,0.0168
3.985e-05,-0.04,-0.0064
3.99e-05,-0.04,-0.012
3.995e-05,0,0.0136
4e-05,-0.04,-0.0024
4.005e-05,-0.04,-0.0032
4.01e-05,0,0.0048
4.015e-05,-0.04,-0.0024
4.02e-05,-0.04,-0.0056
4.025e-05,0,0.0104
4.03e-05,0,-0.0056
4.035e-05,-0.04,-0.0024
4.04e-05,-0.04,0.0032
4.045e-05,-0.04,0
4.05e-05,-0.04,-0.004
4.055e-05,-0.04,0.0032
4.06e-05,-0.04,-0.0048
4.065e-05,-0.04,-0.0032
4.07e-05,-0.04,0.0064
4.075e-05,-0.04,-0.0056
4.08e-05,-0.04,0
4.085e-05,-0.04,8e-04
4.09e-05,0,-0.0056
4.095e-05,0,0
4.1e-05,0,8e-04
4.105e-05,-0.04,0
4.11e-05,-0.04,-0.0016
4.115e-05,0,0.0032
4.12e-05,-0.04,-0.0048
4.125e-05,-0.04,0.0032
4.13e-05,-0.04,8e-04
4.135e-05,0,-0.0024
4.14e-05,-0.04,8e-04
4.145e-05,-0.04,0
4.15e-05,0,0
4.155e-05,0,-0.0016
4.16e-05,-0.04,-8e-04
4.165e-05,-0.04,-0.0016
4.17e-05,0,0.0016
4.175e-05,-0.04,-0.0016
4.18e-05,0,-0.0016
4.185e-05,-0.04,8e-04
4.19e-05,0,-0.0016
4.195e-05,-0.04,-0.0016
4.2e-05,0,8e-04
4.205e-05,-0.04,8e-04
4.21e-05,-0.04,8e-04
4.215e-05,0,-8e-04
4.22e-05,-0.04,-0.0016
4.225e-05,-0.04,0
4.23e-05,-0.04,0
4.235e-05,-0.04,-8e-04
4.24e-05,0,8e-04
4.245e-05,-0.04,8e-04
4.25e-05,-0.04,-0.0016
4.255e-05,0,-8e-04
4.26e-05,-0.04,0
4.265e-05,-0.04,-0.0056
4.27e-05,0,0.0128
4.275e-05,-0.04,-0.0152
4.28e-05,0,0.0048
4.285e-05,-0.04,0.0048
4.29e-05,0,-0.0088
4.295e-05,-0.04,-0.0016
4.3e-05,-0.04,0.0016
4.305e-05,0,-0.012
4.31e-05,0,0.016
4.315e-05,-0.04,-0.0032
4.32e-05,-0.04,-0.0064
4.325e-05,-0.04,0.0048
4.33e-05,-0.04,-0.0016
4.335e-05,-0.04,-0.0048
4.34e-05,0,0.0048
4.345e-05,0,0
4.35e-05,0,-0.0032
4.355e-05,-0.04,0
4.36e-05,0,-0.0016
4.365e-05,-0.04,0
4.37e-05,-0.04,8e-04
4.375e-05,-0.04,8e-04
4.38e-05,0,-0.0072
4.385e-05,0,0.0048
4.39e-05,-0.04,-0.0024
4.395e-05,0,-0.0048
4.4e-05,-0.04,0.0064
4.405e-05,-0.04,-0.0016
4.41e-05,-0.04,0
4.415e-05,0,0
4.42e-05,-0.04,-0.0024
4.425e-05,0,-0.0016
4.43e-05,0,0.0032
4.435e-05,-0.04,-0.0048
4.44e-05,-0.04,8e-04
4.445e-05,0,8e-04
4.45e-05,-0.04,-0.0032
4.455e-05,0,0
4.46e-05,-0.04,0
4.465e-05,0,-0.0016
4.47e-05,0,8e-04
4.475e-05,-0.08,-8e-04
4.48e-05,-0.04,-0.0024
4.485e-05,0,0.0024
4.49e-05,-0.04,-0.0024
4.495e-05,-0.04,-0.0016
4.5e-05,0,0
4.505e-05,-0.08,0
4.51e-05,0,0
4.515e-05,-0.04,-0.0024
4.52e-05,-0.04,8e-04
4.525e-05,-0.04,8e-04
4.53e-05,-0.04,-0.0016
4.535e-05,-0.04,8e-04
4.54e-05,0,-0.0024
4.545e-05,0,0
4.55e-05,-0.04,0
4.555e-05,-0.04,-8e-04
4.56e-05,-0.04,-0.0016
4.565e-05,-0.04,0
4.57e-05,0,-0.0016
4.575e-05,-0.04,-0.0016
4.58e-05,-0.04,-0.0016
4.585e-05,-0.04,0
4.59e-05,-0.04,0
4.595e-05,-0.04,-8e-04
4.6e-05,-0.04,-8e-04
4.605e-05,-0.04,-0.0024
4.61e-05,-0.04,0.008
4.615e-05,0,-0.0152
4.62e-05,-0.04,0.0144
4.625e-05,0,-0.008
4.63e-05,-0.04,-0.0016
4.635e-05,-0.04,0.0016
4.64e-05,0,8e-04
4.645e-05,-0.04,-0.0016
4.65e-05,0,0.0024
4.655e-05,-0.04,-0.0024
4.66e-05,-0.04,-0.0024
4.665e-05,-0.04,0.0064
4.67e-05,0,-0.0048
4.675e-05,0,-0.0016
4.68e-05,-0.04,0.0016
4.685e-05,0,-0.0024
4.69e-05,-0.04,-8e-04
4.695e-05,-0.04,0.0016
4.7e-05,-0.04,-0.0048
4.705e-05,-0.04,-8e-04
4.71e-05,0,0.0016
4.715e-05,0,-0.0016
4.72e-05,-0.04,-8e-04
4.725e-05,-0.04,8e-04
4.73e-05,-0.04,-0.0048
4.735e-05,0,0.0032
4.74e-05,-0.04,-0.0016
4.745e-05,0,0
4.75e-05,0,0
4.755e-05,-0.04,0
4.76e-05,-0.04,-0.0024
4.765e-05,0,8e-04
4.77e-05,-0.04,8e-04
4.775e-05,-0.04,-0.0048
4.78e-05,0,0.0024
4.785e-05,-0.04,-0.0016
4.79e-05,-0.04,-0.0016
4.795e-05,0,0
4.8e-05,0,0
4.805e-05,-0.08,0
4.81e-05,-0.04,8e-04
4.815e-05,0,-0.0016
4.82e-05,-0.04,-0.0016
4.825e-05,-0.04,0.0016
4.83e-05,-0.04,-0.004
4.835e-05,-0.04,8e-04
4.84e-05,-0.04,-0.0016
4.845e-05,-0.04,0
4.85e-05,-0.04,8e-04
4.855e-05,-0.04,-0.0016
4.86e-05,-0.04,0
4.865e-05,0,-0.0016
4.87e-05,-0.04,8e-04
4.875e-05,0,-0.0024
4.88e-05,-0.04,0
4.885e-05,0,0
4.89e-05,0,0
4.895e-05,-0.04,0
4.9e-05,0,-0.008
4.905e-05,-0.04,8e-04
4.91e-05,-0.04,0.0064
4.915e-05,0,-0.0096
4.92e-05,-0.04,0.0064
4.925e-05,-0.04,8e-04
4.93e-05,-0.04,-0.0104
4.935e-05,-0.04,0.0192
4.94e-05,0,-0.008
4.945e-05,-0.04,-0.012
4.95e-05,-0.08,0.0128
4.955e-05,0,-0.0024
4.96e-05,-0.08,-0.0112
4.965e-05,-0.04,0.0136
4.97e-05,-0.04,-0.0072
4.975e-05,-0.04,-0.0104
4.98e-05,-0.04,0.0136
4.985e-05,0,-0.0048
4.99e-05,-0.04,-0.0064
4.995e-05,-0.04,0.0072
5e-05,-0.04,-0.0048
5.005e-05,-0.04,-0.0032
5.01e-05,-0.04,0.008
5.015e-05,-0.04,-0.0064
5.02e-05,0,-0.0048
5.025e-05,-0.04,0.0072
5.03e-05,0,-0.0048
5.035e-05,-0.04,-0.0032
5.04e-05,0,0.004
5.045e-05,-0.04,-0.0032
5.05e-05,-0.04,-0.0016
5.055e-05,-0.04,0.0016
5.06e-05,0,-0.0024
5.065e-05,-0.08,0
5.07e-05,-0.04,0.0016
5.075e-05,-0.04,-0.0032
5.08e-05,0,0
5.085e-05,-0.04,0.0032
5.09e-05,0,-0.0024
5.095e-05,-0.04,-0.0016
5.1e-05,-0.04,-0.0016
5.105e-05,-0.04,8e-04
5.11e-05,-0.04,0.0024
5.115e-05,-0.04,-0.0048
5.12e-05,0,-0.0048
5.125e-05,-0.04,0.0072
5.13e-05,0,0.0016
5.135e-05,-0.04,-0.008
5.14e-05,-0.04,8e-04
5.145e-05,-0.04,0.004
5.15e-05,0,0.0032
5.155e-05,-0.04,-0.0032
5.16e-05,-0.04,-0.0056
5.165e-05,0,8e-04
5.17e-05,-0.08,0.0032
5.175e-05,-0.04,-8e-04
5.18e-05,-0.04,-0.0024
5.185e-05,-0.04,-0.0016
5.19e-05,-0.04,-0.0024
5.195e-05,-0.04,0.0024
5.2e-05,0,0.0048
5.205e-05,-0.04,-0.0024
5.21e-05,-0.04,-0.0056
5.215e-05,-0.04,0
5.22e-05,0,0.004
5.225e-05,-0.04,0.0016
5.23e-05,-0.04,-0.0024
5.235e-05,-0.04,-0.0056
5.24e-05,-0.04,0.0016
5.245e-05,-0.04,0.0048
5.25e-05,0,0.0032
5.255e-05,-0.04,-0.008
5.26e-05,-0.04,-0.0032
5.265e-05,-0.04,0.0032
5.27e-05,-0.04,0.0056
5.275e-05,-0.04,0
5.28e-05,-0.04,-0.008
5.285e-05,-0.04,-8e-04
5.29e-05,-0.04,8e-04
5.295e-05,-0.04,0.0032
5.3e-05,0,-0.0016
5.305e-05,-0.04,0.0016
5.31e-05,0,-0.0032
5.315e-05,-0.04,-0.0032
5.32e-05,-0.08,0.0016
5.325e-05,-0.04,0
5.33e-05,0,0.004
5.335e-05,-0.04,-0.008
5.34e-05,0,0.0032
5.345e-05,-0.04,-0.0096
5.35e-05,-0.04,0.0176
5.355e-05,-0.04,-0.0024
5.36e-05,-0.04,-0.0176
5.365e-05,-0.04,0.0168
5.37e-05,-0.04,-0.0032
5.375e-05,0,-0.0024
5.38e-05,0,0.0032
5.385e-05,-0.04,-0.004
5.39e-05,-0.04,-0.0048
5.395e-05,-0.04,0.0144
5.4e-05,0,-0.0048
5.405e-05,-0.08,0
5.41e-05,0,0.0032
5.415e-05,-0.04,-0.0032
5.42e-05,-0.04,0.0032
5.425e-05,0,0.004
5.43e-05,-0.04,8e-04
5.435e-05,0,8e-04
5.44e-05,-0.04,-0.0024
5.445e-05,-0.04,0.008
5.45e-05,0,-0.0096
5.455e-05,-0.04,0.0064
5.46e-05,-0.04,-0.0048
5.465e-05,-0.04,0.0032
5.47e-05,-0.04,-0.0024
5.475e-05,-0.04,0.0016
5.48e-05,-0.04,-0.0016
5.485e-05,-0.04,0.0032
5.49e-05,-0.04,-0.0024
5.495e-05,-0.04,-0.0016
5.5e-05,-0.04,0.0016
5.505e-05,0,-0.0024
5.51e-05,-0.04,8e-04
5.515e-05,0,-8e-04
5.52e-05,-0.04,0
5.525e-05,-0.04,0
5.53e-05,0,8e-04
5.535e-05,-0.04,-0.0032
5.54e-05,-0.04,0.0024
5.545e-05,-0.04,0
5.55e-05,0,0.0016
5.555e-05,-0.04,-0.0024
5.56e-05,0,-8e-04
5.565e-05,-0.04,0.0032
5.57e-05,-0.04,-0.0016
5.575e-05,-0.04,8e-04
5.58e-05,-0.04,0
5.585e-05,-0.04,-0.0016
5.59e-05,-0.04,0.0016
5.595e-05,0,-0.0016
5.6e-05,-0.08,0
5.605e-05,-0.04,8e-04
5.61e-05,-0.04,8e-04
5.615e-05,-0.04,-0.0024
5.62e-05,0,8e-04
5.625e-05,-0.04,8e-04
5.63e-05,-0.04,-0.0016
5.635e-05,0,0
5.64e-05,-0.04,-8e-04
5.645e-05,0,0.0016
5.65e-05,-0.04,0
5.655e-05,0,0
5.66e-05,0,-8e-04
5.665e-05,-0.04,0.0024
5.67e-05,-0.04,8e-04
5.675e-05,-0.04,-0.012
5.68e-05,-0.04,0.036
5.685e-05,0,-0.0224
5.69e-05,-0.04,-0.0088
5.695e-05,-0.04,0.0272
5.7e-05,-0.04,-0.0272
5.705e-05,0,0.0128
5.71e-05,0,0.0016
5.715e-05,-0.04,-0.0128
5.72e-05,-0.04,0.0096
5.725e-05,0,0.0048
5.73e-05,-0.04,-0.0216
5.735e-05,-0.04,0.0176
5.74e-05,-0.04,-0.0088
5.745e-05,0,0.0016
5.75e-05,-0.04,0.0064
5.755e-05,-0.04,-0.0056
5.76e-05,-0.04,-0.0032
5.765e-05,-0.04,0.0096
5.77e-05,-0.04,-0.0056
5.775e-05,0,0
5.78e-05,-0.04,0.0064
5.785e-05,0,-0.0088
5.79e-05,-0.04,0.004
5.795e-05,-0.04,-0.0024
5.8e-05,0,0
5.805e-05,-0.04,0
5.81e-05,-0.04,0.004
5.815e-05,0,-0.0048
5.82e-05,-0.04,8e-04
5.825e-05,-0.04,0.0032
5.83e-05,0,-0.0016
5.835e-05,0,0
5.84e-05,0,-0.0016
5.845e-05,-0.04,-8e-04
5.85e-05,0,0.004
5.855e-05,-0.04,0
5.86e-05,-0.04,-0.0016
5.865e-05,0,-0.0024
5.87e-05,-0.04,8e-04
5.875e-05,0,0.0016
5.88e-05,-0.04,0.0032
5.885e-05,-0.04,-0.0056
5.89e-05,-0.04,-0.0016
5.895e-05,-0.08,0
5.9e-05,-0.04,0.0048
5.905e-05,-0.04,0
5.91e-05,0,-0.0048
5.915e-05,-0.04,-0.0016
5.92e-05,-0.04,0
5.925e-05,-0.04,0.004
5.93e-05,0,0
5.935e-05,-0.04,-8e-04
5.94e-05,-0.04,-0.0048
5.945e-05,-0.04,0.0016
5.95e-05,0,0.0016
5.955e-05,-0.04,0.0032
5.96e-05,-0.04,8e-04
5.965e-05,0,-0.0048
5.97e-05,-0.04,0
5.975e-05,-0.04,0.0032
5.98e-05,-0.04,8e-04
5.985e-05,-0.04,0.0016
5.99e-05,0,-0.0024
5.995e-05,-0.04,-0.0024
6e-05,0,-8e-04
6.005e-05,-0.04,0.0016
6.01e-05,-0.04,0
6.015e-05,-0.04,-0.0024
6.02e-05,-0.04,-0.0024
6.025e-05,-0.04,0.004
6.03e-05,-0.04,0.0016
6.035e-05,-0.04,0
6.04e-05,-0.04,-0.0024
6.045e-05,0,0
6.05e-05,-0.04,0.0016
6.055e-05,0,0
6.06e-05,-0.04,0.0032
6.065e-05,-0.04,-0.0032
6.07e-05,-0.04,8e-04
6.075e-05,0,0
6.08e-05,-0.04,0.0016
6.085e-05,-0.04,0.0016
6.09e-05,-0.08,-0.0016
6.095e-05,0,0
6.1e-05,-0.04,8e-04
6.105e-05,-0.04,8e-04
6.11e-05,-0.04,8e-04
6.115e-05,0,0
6.12e-05,-0.04,-0.0024
6.125e-05,0,0.0016
6.13e-05,-0.04,8e-04
6.135e-05,0,0
6.14e-05,0,0
6.145e-05,-0.04,-0.0024
6.15e-05,-0.04,0.0016
6.155e-05,-0.04,8e-04
6.16e-05,0,0
6.165e-05,-0.04,0
6.17e-05,-0.04,0
6.175e-05,-0.04,-0.0016
6.18e-05,-0.04,-0.0016
6.185e-05,-0.04,0.0016
6.19e-05,-0.04,0
6.195e-05,-0.04,0
6.2e-05,-0.04,0
6.205e-05,0,0.0016
6.21e-05,-0.04,0
6.215e-05,0,0
6.22e-05,-0.04,-0.0016
6.225e-05,-0.04,0.0016
6.23e-05,0,8e-04
6.235e-05,-0.04,-0.0024
6.24e-05,0,0.0032
6.245e-05,-0.04,-0.0024
6.25e-05,-0.04,0
6.255e-05,0,0
6.26e-05,-0.08,0
6.265e-05,0,8e-04
6.27e-05,-0.08,0.0016
6.275e-05,0,-0.0032
6.28e-05,-0.04,0
6.285e-05,-0.04,0.0024
6.29e-05,-0.04,-8e-04
6.295e-05,-0.04,0.0024
6.3e-05,0,-0.0016
6.305e-05,-0.04,0.0016
6.31e-05,-0.04,8e-04
6.315e-05,-0.04,8e-04
6.32e-05,-0.04,0
6.325e-05,0,-8e-04
6.33e-05,-0.04,8e-04
6.335e-05,-0.04,-0.0024
6.34e-05,0,8e-04
6.345e-05,-0.04,0
6.35e-05,-0.04,0
6.355e-05,0,-0.0024
6.36e-05,-0.04,0.0016
6.365e-05,-0.04,-0.0088
6.37e-05,0,0.0112
6.375e-05,-0.04,0.0016
6.38e-05,0,-0.0096
6.385e-05,-0.04,0.0096
6.39e-05,-0.04,-0.0088
6.395e-05,-0.04,0
6.4e-05,-0.04,0.016
6.405e-05,-0.04,-0.012
6.41e-05,-0.04,-0.0056
6.415e-05,-0.04,0.0144
6.42e-05,-0.04,-0.0088
6.425e-05,-0.04,-0.0032
6.43e-05,-0.04,0.0128
6.435e-05,-0.04,-0.012
6.44e-05,-0.04,-0.0024
6.445e-05,-0.04,0.0128
6.45e-05,-0.04,-0.008
6.455e-05,-0.08,-0.0032
6.46e-05,-0.04,0.0064
6.465e-05,-0.04,-0.0048
6.47e-05,-0.04,8e-04
6.475e-05,-0.04,0.008
6.48e-05,-0.08,-0.0088
6.485e-05,-0.04,0
6.49e-05,0,0.0072
6.495e-05,-0.04,-0.008
6.5e-05,-0.04,0.004
6.505e-05,0,0.0048
6.51e-05,-0.04,-0.0064
6.515e-05,0,8e-04
6.52e-05,-0.04,0.0032
6.525e-05,-0.04,-0.0032
6.53e-05,-0.04,0.0016
6.535e-05,-0.04,8e-04
6.54e-05,-0.04,-0.0016
6.545e-05,-0.04,0.0016
6.55e-05,0,0.0016
6.555e-05,0,-0.0024
6.56e-05,-0.04,-0.0016
6.565e-05,-0.04,0.0024
6.57e-05,0,-0.0016
6.575e-05,-0.04,0.0032
6.58e-05,-0.04,0
6.585e-05,0,-0.0016
6.59e-05,-0.04,0.004
6.595e-05,-0.04,-8e-04
6.6e-05,-0.04,0
6.605e-05,-0.04,0
6.61e-05,-0.04,0.0016
6.615e-05,-0.04,-0.0024
6.62e-05,-0.04,0.0024
6.625e-05,0,0
6.63e-05,-0.08,-0.0048
6.635e-05,-0.04,0.0104
6.64e-05,-0.04,-0.0144
6.645e-05,-0.04,0.0128
6.65e-05,-0.04,-0.0032
6.655e-05,0,-0.0032
6.66e-05,-0.04,-8e-04
6.665e-05,0,0.0048
6.67e-05,-0.04,-0.0048
6.675e-05,0,0.0032
6.68e-05,-0.04,8e-04
6.685e-05,-0.04,-0.004
6.69e-05,-0.04,0.0048
6.695e-05,-0.04,-0.0016
6.7e-05,-0.04,0
6.705e-05,0,8e-04
6.71e-05,-0.04,0.0032
6.715e-05,-0.04,-0.0048
6.72e-05,0,0.0032
6.725e-05,0,-0.0024
6.73e-05,-0.04,0
6.735e-05,-0.04,0
6.74e-05,-0.04,0
6.745e-05,-0.04,0.0024
6.75e-05,-0.04,0
6.755e-05,-0.04,-0.0016
6.76e-05,-0.04,8e-04
6.765e-05,0,0.0032
6.77e-05,-0.04,0
6.775e-05,0,0
6.78e-05,0,0.0024
6.785e-05,-0.04,-0.0024
6.79e-05,-0.04,0.0048
6.795e-05,0,-0.0016
6.8e-05,0,8e-04
6.805e-05,-0.04,8e-04
6.81e-05,-0.04,8e-04
6.815e-05,-0.04,-0.0016
6.82e-05,0,0.0032
6.825e-05,0,-0.0016
6.83e-05,-0.04,8e-04
6.835e-05,0,-8e-04
6.84e-05,-0.04,0
6.845e-05,0,8e-04
6.85e-05,-0.04,0.0016
6.855e-05,-0.04,0
6.86e-05,-0.08,0
6.865e-05,-0.04,0
6.87e-05,0,0.0016
6.875e-05,-0.04,0
6.88e-05,0,0.0024
6.885e-05,0,0
6.89e-05,-0.04,0
6.895e-05,0,-0.0016
6.9e-05,-0.04,8e-04
6.905e-05,-0.04,0.0016
6.91e-05,-0.04,8e-04
6.915e-05,0,-0.0016
6.92e-05,-0.04,8e-04
6.925e-05,-0.04,0.0016
6.93e-05,-0.04,-0.0032
6.935e-05,-0.04,0
6.94e-05,-0.04,-0.0016
6.945e-05,-0.04,0
6.95e-05,0,0.0016
6.955e-05,-0.04,0
6.96e-05,-0.04,0
6.965e-05,-0.04,-0.0024
6.97e-05,-0.08,0.0048
6.975e-05,-0.04,-0.0104
6.98e-05,-0.04,0.0168
6.985e-05,0,-0.012
6.99e-05,-0.04,0.0032
6.995e-05,0,0.004
7e-05,0,-0.0024
7.005e-05,-0.04,-0.0016
7.01e-05,-0.04,0.0072
7.015e-05,-0.04,-0.0024
7.02e-05,-0.04,-0.0016
7.025e-05,0,0.0064
7.03e-05,-0.04,-0.0024
7.035e-05,0,-0.0016
7.04e-05,0,8e-04
7.045e-05,-0.04,-0.0016
7.05e-05,0,0.0024
7.055e-05,-0.04,8e-04
7.06e-05,-0.04,-0.0016
7.065e-05,-0.04,0.0016
7.07e-05,0,0.0032
7.075e-05,0,-0.0024
7.08e-05,-0.04,0
7.085e-05,-0.04,0.0048
7.09e-05,0,0
7.095e-05,-0.04,-0.0024
7.1e-05,-0.04,0.0032
7.105e-05,-0.04,8e-04
7.11e-05,-0.04,-0.0112
7.115e-05,0,0.0104
7.12e-05,-0.04,0.008
7.125e-05,0,-0.0216
7.13e-05,-0.04,0.0168
7.135e-05,-0.04,0.0064
7.14e-05,-0.04,-0.0232
7.145e-05,-0.04,0.0176
7.15e-05,-0.04,8e-04
7.155e-05,0,-0.012
7.16e-05,-0.04,0.016
7.165e-05,-0.04,-0.008
7.17e-05,-0.04,-0.0088
7.175e-05,0,0.0192
7.18e-05,-0.04,-0.0088
7.185e-05,0,0
7.19e-05,0,0.0072
7.195e-05,-0.04,-0.0088
7.2e-05,-0.04,0.0032
7.205e-05,0,0.0064
7.21e-05,0,-0.0064
7.215e-05,0,8e-04
7.22e-05,0,0.0056
7.225e-05,0,-0.0016
7.23e-05,0,8e-04
7.235e-05,0,0.004
7.24e-05,0,-0.008
7.245e-05,0,0.0064
7.25e-05,0,0
7.255e-05,0.04,0
7.26e-05,0,-0.0016
7.265e-05,0,0.0016
7.27e-05,0.04,-0.0024
7.275e-05,0.04,0.0016
7.28e-05,0.04,0.004
7.285e-05,0.04,0
7.29e-05,0.04,0.0016
7.295e-05,0.04,0
7.3e-05,0.04,-0.0024
7.305e-05,0.04,0.0016
7.31e-05,0.04,8e-04
7.315e-05,0.04,-0.0024
7.32e-05,0.04,0.004
7.325e-05,0.04,8e-04
7.33e-05,0.04,8e-04
7.335e-05,0.08,0
7.34e-05,0.04,0.0032
7.345e-05,0.04,-0.0016
7.35e-05,0.04,0.0032
7.355e-05,0.04,-0.0024
7.36e-05,0.04,0.0032
7.365e-05,0.04,8e-04
7.37e-05,0.04,-0.0024
7.375e-05,0.04,0.0016
7.38e-05,0,0
7.385e-05,0,0
7.39e-05,0,0.0016
7.395e-05,0,-8e-04
7.4e-05,-0.04,0
7.405e-05,-0.08,0.0016
7.41e-05,-0.08,0
7.415e-05,-0.08,8e-04
7.42e-05,-0.12,0
7.425e-05,-0.12,8e-04
7.43e-05,-0.16,8e-04
7.435e-05,-0.16,-0.0016
7.44e-05,-0.2,-0.0016
7.445e-05,-0.24,0
7.45e-05,-0.24,-0.0016
7.455e-05,-0.28,0
7.46e-05,-0.32,-0.012
7.465e-05,-0.32,0.0264
7.47e-05,-0.4,-0.0272
7.475e-05,-0.44,-0.0056
7.48e-05,-0.44,0.0288
7.485e-05,-0.48,-0.0208
7.49e-05,-0.48,-0.0152
7.495e-05,-0.52,0.0264
7.5e-05,-0.56,-0.0184
7.505e-05,-0.6,-0.008
7.51e-05,-0.6,0.0248
7.515e-05,-0.64,-0.0368
7.52e-05,-0.68,0.0144
7.525e-05,-0.68,0.0144
7.53e-05,-0.72,-0.0256
7.535e-05,-0.72,0.0016
7.54e-05,-0.76,0.0064
7.545e-05,-0.72,-0.0176
7.55e-05,-0.76,0.0136
7.555e-05,-0.72,-0.0064
7.56e-05,-0.76,-0.0168
NA,-0.76,0.0128
NA,-0.72,-0.0056
NA,-0.72,-0.0072
NA,-0.72,8e-04
NA,-0.68,-0.0048
NA,-0.64,-0.0056
NA,-0.64,0.0032
NA,-0.6,-0.0056
NA,-0.56,-0.0032
NA,-0.48,0.0024
NA,-0.48,-0.0048
NA,-0.4,-0.004
NA,-0.36,0.0024
NA,-0.28,-0.0024
NA,-0.24,-0.0024
NA,-0.16,0.0048
NA,-0.08,-0.0016
NA,0,-0.0032
NA,0.08,0.0056
7.66e-05,0.16,-0.0024
NA,0.24,8e-04
NA,0.32,0.004
NA,0.4,0
NA,0.48,0.0024
NA,0.6,0.004
NA,0.68,0.0016
NA,0.76,0.0048
NA,0.84,0.0048
NA,0.92,0.0032
NA,0,0.0064
NA,0,0.0064
NA,0,0.0032
NA,0,0.0104
NA,0,0.0064
NA,0,0.0064
NA,0,0.008
NA,0,0.0072
NA,0,0.008
NA,0,0.0104
7.76e-05,0,0.0048
7.765e-05,0,0.0128
7.77e-05,0,0.008
7.775e-05,0,0.0072
7.78e-05,0,0.0144
7.785e-05,0,0.0064
7.79e-05,0,0.0112
7.795e-05,0,0.0104
7.8e-05,0,0.008
7.805e-05,0,0.0112
7.81e-05,0,0.0112
7.815e-05,0,0.0072
7.82e-05,0,0.0104
7.825e-05,0,0.0112
7.83e-05,0,0.0016
7.835e-05,0,0.0136
7.84e-05,0,0.004
7.845e-05,0,-0.0032
7.85e-05,0,0.0232
7.855e-05,0,0.008
7.86e-05,0.88,-0.0088
7.865e-05,0.8,0.02
7.87e-05,0.68,-0.0016
7.875e-05,0.56,-0.008
7.88e-05,0.4,0.02
7.885e-05,0.28,0.0016
7.89e-05,0.12,-0.0096
7.895e-05,0,0.0112
7.9e-05,-0.16,8e-04
7.905e-05,-0.28,-0.0072
7.91e-05,-0.44,0.0112
7.915e-05,-0.6,-0.0056
7.92e-05,-0.72,-0.0096
7.925e-05,-0.84,0.0096
7.93e-05,0,-0.0064
7.935e-05,0,-0.0088
7.94e-05,0,0.0016
7.945e-05,0,-0.0016
7.95e-05,0,-0.0176
7.955e-05,0,0.0048
7.96e-05,0,-0.012
7.965e-05,0,-0.0112
7.97e-05,0,-0.0032
7.975e-05,0,-0.0096
7.98e-05,0,-0.0112
7.985e-05,0,-0.0048
7.99e-05,0,-0.012
7.995e-05,0,-0.0128
8e-05,0,-0.0072
8.005e-05,0,-0.0128
8.01e-05,0,-0.012
8.015e-05,0,-0.0088
8.02e-05,0,-0.0128
8.025e-05,0,-0.0104
8.03e-05,0,-0.0088
8.035e-05,0,-0.0128
8.04e-05,0,-0.0136
8.045e-05,0,-0.0056
8.05e-05,0,-0.0144
8.055e-05,0,-0.0112
8.06e-05,0,-0.0056
8.065e-05,0,-0.0152
8.07e-05,0,-0.0096
8.075e-05,0,-0.0056
8.08e-05,0,-0.0024
8.085e-05,0,-0.0152
8.09e-05,0,-0.0112
8.095e-05,0,-0.0088
8.1e-05,0,8e-04
8.105e-05,0,-0.0072
8.11e-05,0,-0.0064
8.115e-05,-0.88,-0.0096
8.12e-05,-0.72,-0.0032
8.125e-05,-0.6,0.0016
8.13e-05,-0.44,-0.0024
8.135e-05,-0.28,-0.0048
8.14e-05,-0.16,-0.0032
8.145e-05,0,8e-04
8.15e-05,0.12,0.004
8.155e-05,0.24,8e-04
8.16e-05,0.44,-0.0024
8.165e-05,0.52,0.0016
8.17e-05,0.68,0.0016
8.175e-05,0.8,0.0048
8.18e-05,0.88,0.004
8.185e-05,0,0.004
8.19e-05,0,0.0032
8.195e-05,0,0.008
8.2e-05,0,0.004
8.205e-05,0,0.0104
8.21e-05,0,0.004
8.215e-05,0,0.0064
8.22e-05,0,0.0064
8.225e-05,0,0.0088
8.23e-05,0,0.0104
8.235e-05,0,0.0064
8.24e-05,0,0.0104
8.245e-05,0,0.0088
8.25e-05,0,0.0112
8.255e-05,0,0.008
8.26e-05,0,0.008
8.265e-05,0,0.0096
8.27e-05,0,0.0096
8.275e-05,0,0.0112
8.28e-05,0,0.0096
8.285e-05,0,0.0088
8.29e-05,0,0.0096
8.295e-05,0,0.0104
8.3e-05,0,0.0104
8.305e-05,0,0.0128
8.31e-05,0,-8e-04
8.315e-05,0,0.004
8.32e-05,0,0.0208
8.325e-05,0,0.0096
8.33e-05,0,0.0016
8.335e-05,0.96,8e-04
8.34e-05,0.88,0.0064
8.345e-05,0.8,0.0088
8.35e-05,0.68,0.0112
8.355e-05,0.6,-0.0032
8.36e-05,0.52,0.0032
8.365e-05,0.4,0.004
8.37e-05,0.32,0.0064
8.375e-05,0.24,0.008
8.38e-05,0.16,-8e-04
8.385e-05,0.08,-0.0024
8.39e-05,0,0.004
8.395e-05,-0.08,0.0056
8.4e-05,-0.16,-8e-04
8.405e-05,-0.24,-8e-04
8.41e-05,-0.28,-8e-04
8.415e-05,-0.4,0
8.42e-05,-0.44,0.0032
8.425e-05,-0.48,0
8.43e-05,-0.52,-0.0016
8.435e-05,-0.56,-0.0048
8.44e-05,-0.6,8e-04
8.445e-05,-0.64,0
8.45e-05,-0.68,0.0016
8.455e-05,-0.72,-0.0048
8.46e-05,-0.72,-0.0056
8.465e-05,-0.76,0.0016
8.47e-05,-0.76,-0.0032
8.475e-05,-0.76,-0.0024
8.48e-05,-0.76,-0.0032
8.485e-05,-0.76,-0.0032
8.49e-05,-0.76,-0.0024
8.495e-05,-0.76,-8e-04
8.5e-05,-0.76,-0.0032
8.505e-05,-0.72,-0.0032
8.51e-05,-0.72,-0.0024
8.515e-05,-0.72,-0.0048
8.52e-05,-0.72,0
8.525e-05,-0.64,-0.0024
8.53e-05,-0.64,0
8.535e-05,-0.6,-0.0024
8.54e-05,-0.6,-0.0024
8.545e-05,-0.56,-0.0024
8.55e-05,-0.52,-8e-04
8.555e-05,-0.48,0
8.56e-05,-0.48,-0.0048
8.565e-05,-0.44,8e-04
8.57e-05,-0.4,-0.0024
8.575e-05,-0.4,-0.0016
8.58e-05,-0.32,-0.0024
8.585e-05,-0.32,8e-04
8.59e-05,-0.28,-0.0024
8.595e-05,-0.24,-0.0032
8.6e-05,-0.2,-8e-04
8.605e-05,-0.16,8e-04
8.61e-05,-0.16,0
8.615e-05,-0.12,0
8.62e-05,-0.12,0
8.625e-05,-0.08,-0.0024
8.63e-05,-0.08,-8e-04
8.635e-05,-0.04,0.0016
8.64e-05,0,-8e-04
8.645e-05,-0.04,-0.0032
8.65e-05,0,0.004
8.655e-05,0,8e-04
8.66e-05,0.04,-0.0024
8.665e-05,0.04,-0.0048
8.67e-05,0.04,0
8.675e-05,0.04,0.0096
8.68e-05,0.04,-0.0024
8.685e-05,0.04,-0.0024
8.69e-05,0.08,0
8.695e-05,0.08,-0.0016
8.7e-05,0.08,8e-04
8.705e-05,0.08,0.0064
8.71e-05,0.08,-0.0048
8.715e-05,0.08,-8e-04
8.72e-05,0.08,-0.0024
8.725e-05,0.08,0.0032
8.73e-05,0.04,0.0064
8.735e-05,0.04,-0.0024
8.74e-05,0.04,-0.0024
8.745e-05,0.08,0.0024
8.75e-05,0.04,0.0032
8.755e-05,0.04,8e-04
8.76e-05,0.04,0.0032
8.765e-05,0.04,-0.0016
8.77e-05,0.04,-0.0016
8.775e-05,0.04,0.0016
8.78e-05,0,0.0016
8.785e-05,0.04,0
8.79e-05,0,0.0024
8.795e-05,0,-0.0032
8.8e-05,0,8e-04
8.805e-05,0,0.0032
8.81e-05,0,-8e-04
8.815e-05,0,0
8.82e-05,0,-0.0024
8.825e-05,0,0.0016
8.83e-05,0,0.004
8.835e-05,0,0
8.84e-05,0,8e-04
8.845e-05,-0.04,0
8.85e-05,0,-0.0016
8.855e-05,0,0.0032
8.86e-05,0,0
8.865e-05,-0.04,0.0032
8.87e-05,0,0
8.875e-05,-0.04,-0.0032
8.88e-05,-0.04,0.0032
8.885e-05,-0.04,0.004
8.89e-05,-0.04,-0.0056
8.895e-05,-0.04,-0.0016
8.9e-05,0,0.0016
8.905e-05,-0.04,0.0064
8.91e-05,-0.04,8e-04
8.915e-05,-0.04,-0.0128
8.92e-05,-0.04,0.0088
8.925e-05,-0.04,0.008
8.93e-05,-0.04,-0.0152
8.935e-05,0,0.0192
8.94e-05,-0.04,-0.0088
8.945e-05,0,-0.008
8.95e-05,-0.04,0.0104
8.955e-05,-0.04,0.0024
8.96e-05,-0.04,-0.0056
8.965e-05,0,0.008
8.97e-05,-0.04,-0.0056
8.975e-05,0,-0.004
8.98e-05,-0.04,0.0176
8.985e-05,-0.04,-0.0104
8.99e-05,0,-0.0032
8.995e-05,-0.04,0.008
9e-05,-0.04,-0.008
9.005e-05,0,0.0056
9.01e-05,-0.08,0.0104
9.015e-05,-0.04,-0.0152
9.02e-05,-0.04,0
9.025e-05,-0.04,0.0072
9.03e-05,-0.04,-0.004
9.035e-05,0,0.0064
9.04e-05,-0.04,-0.0032
9.045e-05,0,0
9.05e-05,-0.04,-8e-04
9.055e-05,-0.04,0.0048
9.06e-05,-0.04,-0.0032
9.065e-05,-0.04,0.0032
9.07e-05,0,-0.004
9.075e-05,-0.04,0.0024
9.08e-05,0,-0.0016
9.085e-05,0,0.0072
9.09e-05,-0.04,-0.008
9.095e-05,-0.04,8e-04
9.1e-05,-0.04,-0.0032
9.105e-05,-0.04,0.0016
9.11e-05,0,0.0016
9.115e-05,-0.08,0
9.12e-05,-0.04,-0.0016
9.125e-05,-0.04,-8e-04
9.13e-05,-0.04,0.0032
9.135e-05,-0.04,0
9.14e-05,-0.04,0
9.145e-05,0,0
9.15e-05,0,0.0032
9.155e-05,-0.04,-0.0016
9.16e-05,-0.04,8e-04
9.165e-05,-0.04,8e-04
9.17e-05,0,0.0024
9.175e-05,-0.04,-8e-04
9.18e-05,0,0.0024
9.185e-05,0,-0.0016
9.19e-05,0,8e-04
9.195e-05,-0.04,0
9.2e-05,0,-0.0032
9.205e-05,-0.08,0.0064
9.21e-05,0,-0.0016
9.215e-05,-0.04,0
9.22e-05,-0.04,-0.0016
9.225e-05,-0.04,0.0032
9.23e-05,-0.04,-0.0024
9.235e-05,-0.04,0.004
9.24e-05,-0.04,0.004
9.245e-05,-0.04,-0.016
9.25e-05,-0.04,0.0432
9.255e-05,-0.04,-0.024
9.26e-05,-0.04,-0.0144
9.265e-05,-0.04,0.0392
9.27e-05,-0.04,-0.0288
9.275e-05,-0.04,0.0128
9.28e-05,-0.04,0.0032
9.285e-05,-0.04,-0.0072
9.29e-05,-0.04,0.0032
9.295e-05,-0.04,0.0128
9.3e-05,-0.04,-0.0288
9.305e-05,-0.08,0.02
9.31e-05,-0.04,0
9.315e-05,0,-0.008
9.32e-05,-0.04,0.0016
9.325e-05,-0.04,0.0144
9.33e-05,0,-0.028
9.335e-05,-0.04,0.0264
9.34e-05,0,0
9.345e-05,-0.04,-0.0184
9.35e-05,0,0.0152
9.355e-05,-0.04,8e-04
9.36e-05,-0.04,-0.0128
9.365e-05,-0.04,0.0072
9.37e-05,0,0.0032
9.375e-05,-0.04,-0.0128
9.38e-05,0,0.012
9.385e-05,-0.04,0
9.39e-05,-0.04,-0.008
9.395e-05,-0.04,0.0032
9.4e-05,-0.04,0.004
9.405e-05,0,-0.0112
9.41e-05,-0.04,0.012
9.415e-05,-0.04,-0.0024
9.42e-05,-0.04,-0.0056
9.425e-05,0,0.004
9.43e-05,-0.04,0.0024
9.435e-05,0,-0.008
9.44e-05,-0.04,0.0056
9.445e-05,-0.04,8e-04
9.45e-05,0,-0.0056
9.455e-05,-0.04,0.008
9.46e-05,0,-0.0032
9.465e-05,-0.04,0
9.47e-05,0,0.0032
9.475e-05,-0.08,-0.0016
9.48e-05,0,-0.0024
9.485e-05,-0.04,0.0056
9.49e-05,-0.04,-0.0024
9.495e-05,-0.04,8e-04
9.5e-05,-0.04,0
9.505e-05,-0.04,-0.0032
9.51e-05,0,0.0016
9.515e-05,-0.04,0.0032
9.52e-05,-0.04,-0.0024
9.525e-05,-0.04,8e-04
9.53e-05,0,0.004
9.535e-05,-0.04,-0.0024
9.54e-05,-0.04,0.0032
9.545e-05,-0.04,-0.0016
9.55e-05,-0.04,-0.0016
9.555e-05,-0.04,0
9.56e-05,-0.04,0.0088
9.565e-05,0,-0.0024
9.57e-05,-0.04,-0.0048
9.575e-05,-0.04,-0.0032
9.58e-05,-0.04,0.0064
9.585e-05,-0.04,0.0032
9.59e-05,-0.04,-8e-04
9.595e-05,0,-0.0056
9.6e-05,-0.04,0.0016
9.605e-05,-0.04,0.0016
9.61e-05,-0.04,0.0024
9.615e-05,-0.04,0.0016
9.62e-05,0,-0.0024
9.625e-05,0,0
9.63e-05,0,0.0016
9.635e-05,-0.04,0.004
9.64e-05,-0.04,0
9.645e-05,-0.04,0
9.65e-05,0,-0.0056
9.655e-05,-0.04,0.0048
9.66e-05,0,8e-04
9.665e-05,0,0
9.67e-05,-0.04,0.0016
9.675e-05,0,-0.0016
9.68e-05,-0.04,-0.0024
9.685e-05,0,0.0064
9.69e-05,-0.04,0
9.695e-05,-0.04,-0.0024
9.7e-05,-0.04,8e-04
9.705e-05,-0.04,-0.0024
9.71e-05,0,0.0064
9.715e-05,0,-0.0032
9.72e-05,0,8e-04
9.725e-05,-0.04,-0.0024
9.73e-05,-0.04,0.0048
9.735e-05,0,-0.0024
9.74e-05,-0.04,0.004
9.745e-05,-0.04,-0.0032
9.75e-05,-0.04,0.0032
9.755e-05,0,-0.0024
9.76e-05,-0.04,0.0064
9.765e-05,0,-0.0024
9.77e-05,0,0.0032
9.775e-05,-0.04,-0.0032
9.78e-05,-0.04,0.0016
9.785e-05,0,8e-04
9.79e-05,-0.04,8e-04
9.795e-05,-0.04,0
9.8e-05,-0.04,-8e-04
9.805e-05,-0.04,0
9.81e-05,-0.04,-8e-04
9.815e-05,0,0.0024
9.82e-05,-0.04,-0.0024
9.825e-05,-0.04,0
9.83e-05,-0.04,8e-04
9.835e-05,-0.04,8e-04
9.84e-05,-0.04,-8e-04
9.845e-05,0,8e-04
9.85e-05,-0.04,0
9.855e-05,-0.04,8e-04
9.86e-05,-0.04,-0.0024
9.865e-05,-0.04,0.0032
9.87e-05,-0.04,-0.0024
9.875e-05,-0.04,0
9.88e-05,-0.04,0
9.885e-05,0,0.0016
9.89e-05,-0.04,0
9.895e-05,0,8e-04
9.9e-05,-0.04,0
9.905e-05,0,0.0016
9.91e-05,-0.04,0.0032
9.915e-05,-0.04,-0.0024
9.92e-05,-0.04,0.0016
9.925e-05,0,-0.0016
9.93e-05,-0.04,0.0016
9.935e-05,0,-0.0024
9.94e-05,-0.04,0.0032
9.945e-05,0,-0.0032
9.95e-05,-0.04,0.0032
9.955e-05,0,-0.0024
9.96e-05,-0.04,0
9.965e-05,-0.04,0.0032
9.97e-05,0,0.0016
9.975e-05,0,-0.0016
9.98e-05,-0.04,0.0016
9.985e-05,-0.04,-0.0024
9.99e-05,-0.04,0.0016
9.995e-05,-0.04,0.0024
1e-04,0,-0.0048
0.00010005,-0.04,0.0064
0.0001001,-0.04,-0.0024
0.00010015,-0.04,-0.0024
0.0001002,0,0.0016
0.00010025,-0.04,0.0016
0.0001003,0,-0.0032
0.00010035,-0.04,0.004
0.0001004,-0.04,-0.0032
0.00010045,0,0.004
0.0001005,-0.04,0
0.00010055,-0.04,8e-04
0.0001006,0,-0.0024
0.00010065,-0.04,0.0032
0.0001007,-0.04,-0.0016
0.00010075,0,8e-04
0.0001008,-0.04,-0.0032
0.00010085,-0.04,0.0024
0.0001009,-0.04,-8e-04
0.00010095,-0.04,8e-04
0.000101,0,0
0.00010105,-0.04,0.0016
0.0001011,-0.04,0
0.00010115,-0.04,-0.004
0.0001012,-0.04,0.0016
0.00010125,0,0.0032
0.0001013,-0.04,0
0.00010135,0,0
0.0001014,-0.04,8e-04
0.00010145,0,-0.0016
0.0001015,-0.04,0.0016
0.00010155,-0.04,-0.0024
0.0001016,-0.04,0.0032
0.00010165,0,0.0024
0.0001017,-0.04,-0.0016
0.00010175,-0.04,0
0.0001018,-0.04,-0.0024
0.00010185,0,0.0016
0.0001019,-0.04,8e-04
0.00010195,0,8e-04
0.000102,-0.04,8e-04
0.00010205,-0.04,8e-04
0.0001021,-0.04,-0.0016
0.00010215,-0.04,0.0016
0.0001022,-0.04,0
0.00010225,-0.04,8e-04
0.0001023,-0.04,-0.0016
0.00010235,0,8e-04
0.0001024,-0.04,-0.0016
0.00010245,-0.04,0.0016
0.0001025,-0.04,-0.0024
0.00010255,-0.04,0.0032
0.0001026,-0.04,-0.0032
0.00010265,0,0.004
0.0001027,-0.04,-0.0024
0.00010275,-0.04,-8e-04
0.0001028,0,0
0.00010285,0,8e-04
0.0001029,-0.04,-0.0024
0.00010295,0,8e-04
0.000103,0,-0.0024
0.00010305,-0.04,8e-04
0.0001031,0,8e-04
0.00010315,-0.04,-0.0032
0.0001032,-0.04,0.0024
0.00010325,-0.04,-0.0024
0.0001033,-0.04,8e-04
0.00010335,-0.04,-0.0024
0.0001034,-0.04,0.0016
0.00010345,-0.04,-0.0024
0.0001035,-0.04,8e-04
0.00010355,-0.04,-8e-04
0.0001036,-0.04,0.0016
0.00010365,-0.04,-0.0024
0.0001037,0,0.0032
0.00010375,-0.04,-0.0032
0.0001038,0,8e-04
0.00010385,0,0
0.0001039,-0.04,0.0016
0.00010395,0,-0.0016
0.000104,-0.04,0.0016
0.00010405,0,8e-04
0.0001041,-0.08,0.0032
0.00010415,-0.04,-0.0016
0.0001042,-0.04,-0.0016
0.00010425,0,0.004
0.0001043,-0.04,-0.0016
0.00010435,-0.04,0.0016
0.0001044,0,-0.0024
0.00010445,-0.04,0.0112
0.0001045,-0.04,-0.0112
0.00010455,0,0.0096
0.0001046,-0.04,-0.0032
0.00010465,-0.04,0.004
0.0001047,-0.04,8e-04
0.00010475,-0.04,0.004
0.0001048,0,-0.004
0.00010485,-0.04,0.004
0.0001049,-0.04,-0.0016
0.00010495,-0.04,-0.0016
0.000105,-0.04,8e-04
0.00010505,-0.04,0
0.0001051,0,8e-04
0.00010515,-0.04,0
0.0001052,0,-0.0016
0.00010525,0,-0.0016
0.0001053,-0.04,0.0016
0.00010535,-0.08,-0.004
0.0001054,-0.04,0
0.00010545,-0.04,-0.0032
0.0001055,-0.04,0
0.00010555,-0.04,-0.0056
0.0001056,-0.04,8e-04
0.00010565,-0.04,-0.0056
0.0001057,-0.04,8e-04
0.00010575,0,-0.0064
0.0001058,0,-0.0024
0.00010585,-0.04,-0.0048
0.0001059,-0.04,0
0.00010595,-0.04,-0.0064
0.000106,-0.04,-0.0024
0.00010605,-0.04,-0.0024
0.0001061,-0.04,-0.0024
0.00010615,0,-0.004
0.0001062,-0.04,-0.0016
0.00010625,-0.04,-0.0032
0.0001063,-0.04,-0.0032
0.00010635,-0.04,-8e-04
0.0001064,0,-0.0048
0.00010645,-0.04,0.0016
0.0001065,-0.04,-0.008
0.00010655,-0.04,0.004
0.0001066,0,-0.0032
0.00010665,-0.04,-0.0024
0.0001067,-0.04,0.0016
0.00010675,0,0.0032
0.0001068,-0.04,-0.0128
0.00010685,0,0.0096
0.0001069,-0.04,0.012
0.00010695,-0.04,-0.0224
0.000107,0,0.0176
0.00010705,-0.04,0.0128
0.0001071,-0.04,-0.0216
0.00010715,0,0.02
0.0001072,-0.04,0.0072
0.00010725,0,-0.0072
0.0001073,-0.08,0.0216
0.00010735,0,-0.0024
0.0001074,0,0
0.00010745,0,0.0256
0.0001075,-0.04,0.0032
0.00010755,-0.04,8e-04
0.0001076,0,0.02
0.00010765,-0.04,0
0.0001077,-0.04,0.0064
0.00010775,0,0.0248
0.0001078,-0.04,0.0048
0.00010785,-0.04,0.0048
0.0001079,0,0.0272
0.00010795,-0.04,8e-04
0.000108,0,0.0104
0.00010805,-0.04,0.0288
0.0001081,-0.04,0.0016
0.00010815,0,0.0096
0.0001082,-0.04,0.0264
0.00010825,-0.04,0.008
0.0001083,0,0.008
0.00010835,-0.04,0.024
0.0001084,-0.04,0.004
0.00010845,-0.04,0.0136
0.0001085,-0.04,0.0232
0.00010855,-0.04,0.0072
0.0001086,0,0.008
0.00010865,-0.04,0.0224
0.0001087,-0.04,0.0048
0.00010875,0,0.012
0.0001088,-0.04,0.0136
0.00010885,0,0.008
0.0001089,-0.04,0.0072
0.00010895,0,0.0136
0.000109,-0.04,0.0024
0.00010905,-0.04,0.0096
0.0001091,0,0.004
0.00010915,0,0.0016
0.0001092,-0.04,0
0.00010925,-0.04,0.004
0.0001093,-0.04,-0.0048
0.00010935,-0.08,-0.0048
0.0001094,0,-0.0048
0.00010945,-0.04,-0.0064
0.0001095,-0.04,-0.008
0.00010955,-0.04,-0.012
0.0001096,0,-0.0088
0.00010965,-0.04,-0.0176
0.0001097,-0.04,-0.012
0.00010975,-0.04,-0.0208
0.0001098,-0.04,-0.0176
0.00010985,-0.04,-0.0192
0.0001099,-0.04,-0.0224
0.00010995,-0.04,-0.0224
0.00011,-0.04,-0.0216
0.00011005,0,-0.024
0.0001101,-0.04,-0.0256
0.00011015,-0.04,-0.0256
0.0001102,0,-0.0256
0.00011025,-0.04,-0.0272
0.0001103,-0.04,-0.0336
0.00011035,-0.04,-0.0048
0.0001104,-0.04,-0.0472
0.00011045,0,-0.0336
0.0001105,0,0.004
0.00011055,0,-0.0432
0.0001106,-0.04,-0.0416
0.00011065,-0.04,0.008
0.0001107,-0.04,-0.0424
0.00011075,-0.04,-0.0264
0.0001108,-0.04,-8e-04
0.00011085,-0.04,-0.0504
0.0001109,0,-0.0088
0.00011095,-0.04,0.004
0.000111,-0.04,-0.0488
0.00011105,0,-0.0024
0.0001111,-0.04,-0.0064
0.00011115,-0.04,-0.028
0.0001112,-0.04,0.0032
0.00011125,-0.04,-0.0096
0.0001113,0,-0.0224
0.00011135,-0.04,0.008
0.0001114,-0.04,-0.0064
0.00011145,-0.04,-0.0064
0.0001115,-0.04,0.0064
0.00011155,-0.04,-0.0024
0.0001116,-0.04,0.0032
0.00011165,-0.04,0.0144
0.0001117,-0.04,0.008
0.00011175,-0.04,0.0032
0.0001118,-0.04,0.016
0.00011185,0,0.0128
0.0001119,-0.04,0.0168
0.00011195,-0.04,0.0192
0.000112,-0.04,0.0176
0.00011205,0,0.012
0.0001121,-0.04,0.0264
0.00011215,0,0.016
0.0001122,-0.04,0.0208
0.00011225,-0.04,0.0224
0.0001123,0,0.02
0.00011235,0,0.0184
0.0001124,-0.04,0.028
0.00011245,-0.04,0.02
0.0001125,-0.04,0.0208
0.00011255,0,0.0208
0.0001126,-0.04,0.0168
0.00011265,0,0.0264
0.0001127,-0.04,0.02
0.00011275,-0.04,0.02
0.0001128,-0.04,0.0176
0.00011285,0,0.024
0.0001129,-0.04,0.02
0.00011295,-0.04,0.024
0.000113,0,0.0208
0.00011305,0,0.0264
0.0001131,-0.08,0.0264
0.00011315,-0.04,0.016
0.0001132,-0.04,0.0328
0.00011325,0,0.0232
0.0001133,0,0.0272
0.00011335,-0.04,0.0264
0.0001134,-0.04,0.0288
0.00011345,0,0.024
0.0001135,-0.04,0.032
0.00011355,0,0.0232
0.0001136,-0.04,0.024
0.00011365,0,0.0288
0.0001137,-0.04,0.0256
0.00011375,-0.04,0.0208
0.0001138,-0.04,0.0256
0.00011385,0,0.0168
0.0001139,-0.04,0.0208
0.00011395,-0.04,0.0128
0.000114,-0.08,0.0168
0.00011405,-0.04,0.0064
0.0001141,0,0.016
0.00011415,-0.04,0
0.0001142,-0.04,0.008
0.00011425,-0.04,-0.0024
0.0001143,-0.04,0
0.00011435,-0.04,-0.0056
0.0001144,-0.04,-0.0024
0.00011445,0,-0.0088
0.0001145,-0.04,-0.0088
0.00011455,-0.04,-0.012
0.0001146,0,-0.0144
0.00011465,-0.04,-0.0096
0.0001147,-0.04,-0.0176
0.00011475,-0.04,-0.016
0.0001148,0,-0.0176
0.00011485,-0.04,-0.0176
0.0001149,-0.04,-0.02
0.00011495,-0.04,-0.016
0.000115,0,-0.024
0.00011505,-0.04,-0.0208
0.0001151,0,-0.0192
0.00011515,-0.04,-0.0272
0.0001152,-0.04,-0.0224
0.00011525,0,-0.0272
0.0001153,-0.04,-0.028
0.00011535,-0.04,-0.0256
0.0001154,-0.04,-0.0312
0.00011545,-0.04,-0.028
0.0001155,0,-0.0312
0.00011555,-0.04,-0.0336
0.0001156,-0.04,-0.0312
0.00011565,0,-0.0312
0.0001157,-0.04,-0.0312
0.00011575,-0.04,-0.0336
0.0001158,0,-0.028
0.00011585,-0.04,-0.0344
0.0001159,-0.04,-0.0248
0.00011595,-0.04,-0.0336
0.000116,0,-0.0224
0.00011605,-0.04,-0.0312
0.0001161,-0.08,-0.0176
0.00011615,0,-0.028
0.0001162,-0.04,-0.016
0.00011625,0,-0.02
0.0001163,-0.04,-0.0144
0.00011635,-0.04,-0.0184
0.0001164,-0.04,-0.0032
0.00011645,-0.04,-0.0224
0.0001165,0,0.0056
0.00011655,-0.04,-0.0128
0.0001166,-0.08,-0.008
0.00011665,0,0
0.0001167,-0.04,0
0.00011675,-0.08,-0.0056
0.0001168,-0.04,0.0032
0.00011685,0,8e-04
0.0001169,-0.08,-0.0024
0.00011695,-0.04,0.008
0.000117,-0.04,8e-04
0.00011705,0,0.008
0.0001171,-0.08,0.0048
0.00011715,-0.04,0.0104
0.0001172,0,0.0048
0.00011725,-0.04,0.0176
0.0001173,0,0.0064
0.00011735,-0.04,0.0152
0.0001174,-0.04,0.0136
0.00011745,-0.04,0.0208
0.0001175,-0.04,0.0192
0.00011755,0,0.0208
0.0001176,-0.04,0.0232
0.00011765,0,0.0224
0.0001177,-0.04,0.0328
0.00011775,-0.04,0.0224
0.0001178,-0.04,0.0336
0.00011785,-0.04,0.0296
0.0001179,0,0.036
0.00011795,-0.04,0.0312
0.000118,-0.04,0.0384
0.00011805,-0.04,0.0336
0.0001181,-0.04,0.0392
0.00011815,0,0.036
0.0001182,-0.04,0.036
0.00011825,0,0.0368
0.0001183,-0.04,0.036
0.00011835,-0.04,0.0336
0.0001184,0,0.0328
0.00011845,0,0.032
0.0001185,0,0.0328
0.00011855,-0.04,0.0256
0.0001186,-0.04,0.0272
0.00011865,0,0.0264
0.0001187,-0.04,0.0216
0.00011875,-0.04,0.0216
0.0001188,-0.04,0.0192
0.00011885,0,0.0152
0.0001189,-0.04,0.0152
0.00011895,-0.04,0.0136
0.000119,0,0.0056
0.00011905,-0.04,0.0144
0.0001191,0,0
0.00011915,-0.04,0.0112
0.0001192,-0.04,-0.0016
0.00011925,0,0.004
0.0001193,0,-0.0048
0.00011935,-0.04,8e-04
0.0001194,0,-0.008
0.00011945,-0.04,-0.0016
0.0001195,-0.04,-0.0056
0.00011955,-0.04,-0.0096
0.0001196,-0.04,-0.0064
0.00011965,-0.04,-0.0096
0.0001197,0,-0.0104
0.00011975,-0.04,-0.0128
0.0001198,-0.04,-0.0136
0.00011985,-0.04,-0.0184
0.0001199,-0.04,-0.0136
0.00011995,0,-0.0208
0.00012,0,-0.0208
0.00012005,-0.04,-0.0208
0.0001201,-0.04,-0.02
0.00012015,0,-0.028
0.0001202,-0.04,-0.0224
0.00012025,-0.04,-0.028
0.0001203,-0.04,-0.028
0.00012035,0,-0.0304
0.0001204,-0.08,-0.0288
0.00012045,-0.04,-0.0312
0.0001205,-0.04,-0.0288
0.00012055,-0.04,-0.0336
0.0001206,0,-0.032
0.00012065,-0.04,-0.0312
0.0001207,0,-0.032
0.00012075,-0.04,-0.032
0.0001208,0,-0.0336
0.00012085,-0.04,-0.0272
0.0001209,0,-0.0304
0.00012095,-0.04,-0.0272
0.000121,0,-0.0304
0.00012105,0,-0.0192
0.0001211,-0.04,-0.028
0.00012115,0,-0.0176
0.0001212,-0.04,-0.0216
0.00012125,0,-0.0144
0.0001213,-0.04,-0.0144
0.00012135,0,-0.0128
0.0001214,-0.04,-0.0112
0.00012145,-0.04,-0.0088
0.0001215,-0.04,-0.0048
0.00012155,-0.04,-0.0048
0.0001216,0,0.0024
0.00012165,-0.04,8e-04
0.0001217,-0.04,0.0064
0.00012175,0,0.0048
0.0001218,-0.04,0.0096
0.00012185,-0.04,0.0136
0.0001219,-0.04,0.0152
0.00012195,-0.04,0.0168
0.000122,-0.04,0.02
0.00012205,0,0.0224
0.0001221,0,0.0256
0.00012215,-0.04,0.0232
0.0001222,-0.04,0.0312
0.00012225,-0.04,0.0272
0.0001223,0,0.0384
0.00012235,-0.04,0.0224
0.0001224,-0.04,0.0376
0.00012245,-0.04,0.0352
0.0001225,0,0.0296
0.00012255,0,0.0368
0.0001226,-0.04,0.0352
0.00012265,0,0.0224
0.0001227,0,0.0448
0.00012275,0,0.0264
0.0001228,0,0.0136
0.00012285,-0.04,0.04
0.0001229,-0.04,0.0232
0.00012295,-0.04,0.016
0.000123,-0.04,0.0248
0.00012305,-0.04,0.02
0.0001231,0,0.0072
0.00012315,-0.04,0.0232
0.0001232,-0.04,0.0128
0.00012325,0,0.0048
0.0001233,-0.04,0.0136
0.00012335,-0.04,0.0088
0.0001234,-0.04,0.0032
0.00012345,0,0.0128
0.0001235,-0.04,0.004
0.00012355,-0.04,-0.0024
0.0001236,0,0.0096
0.00012365,-0.04,0
0.0001237,0,8e-04
0.00012375,-0.04,0.0032
0.0001238,-0.04,-0.0016
0.00012385,-0.04,-0.0056
0.0001239,0,0.0056
0.00012395,0,-0.0032
0.000124,-0.04,0
0.00012405,0,-0.0032
0.0001241,0,-0.0056
0.00012415,-0.04,-0.0096
0.0001242,-0.04,-0.0032
0.00012425,0,-0.0136
0.0001243,-0.08,-0.0096
0.00012435,-0.04,-0.0136
0.0001244,0,-0.012
0.00012445,-0.04,-0.0152
0.0001245,-0.04,-0.0152
0.00012455,-0.04,-0.0184
0.0001246,-0.04,-0.0192
0.00012465,0,-0.0192
0.0001247,-0.04,-0.016
0.00012475,-0.04,-0.0224
0.0001248,0,-0.0184
0.00012485,-0.04,-0.0344
0.0001249,-0.04,-0.0064
0.00012495,-0.04,-0.0192
0.000125,-0.04,-0.0392
0.00012505,0,-0.0016
0.0001251,-0.04,-0.0184
0.00012515,-0.04,-0.0256
0.0001252,-0.04,-0.0128
0.00012525,0,-0.02
0.0001253,-0.04,-0.0184
0.00012535,-0.04,0.0024
0.0001254,-0.04,-0.0216
0.00012545,-0.04,-0.012
0.0001255,-0.04,-0.012
0.00012555,0,-0.0064
0.0001256,-0.04,-0.0056
0.00012565,-0.04,8e-04
0.0001257,-0.04,-0.0152
0.00012575,-0.04,-0.0032
0.0001258,-0.04,0
0.00012585,-0.04,-0.0024
0.0001259,-0.04,0.0048
0.00012595,-0.04,0
0.000126,-0.04,0.0016
0.00012605,0,-8e-04
0.0001261,-0.04,0.0136
0.00012615,-0.04,0.0048
0.0001262,-0.04,0.0112
0.00012625,-0.04,0.0016
0.0001263,-0.04,0.0128
0.00012635,-0.04,0.016
0.0001264,-0.04,0.016
0.00012645,-0.04,0.0096
0.0001265,-0.08,0.0152
0.00012655,0,0.0144
0.0001266,-0.08,0.0168
0.00012665,-0.04,0.0224
0.0001267,-0.04,0.0176
0.00012675,0,0.016
0.0001268,-0.04,0.0208
0.00012685,-0.04,0.0232
0.0001269,0,0.0272
0.00012695,-0.04,0.0192
0.000127,0,0.0208
0.00012705,-0.04,0.0224
0.0001271,-0.04,0.0272
0.00012715,0,0.0224
0.0001272,0,0.0288
0.00012725,-0.08,0.0232
0.0001273,-0.04,0.0208
0.00012735,0,0.0304
0.0001274,-0.04,0.0232
0.00012745,-0.04,0.0288
0.0001275,-0.04,0.0224
0.00012755,-0.04,0.0264
0.0001276,-0.04,0.0224
0.00012765,-0.04,0.0264
0.0001277,0,0.0168
0.00012775,-0.04,0.0224
0.0001278,0,0.0112
0.00012785,-0.04,0.0192
0.0001279,-0.04,0.0136
0.00012795,-0.04,0.0112
0.000128,-0.04,0.004
0.00012805,-0.04,0.0088
0.0001281,-0.04,0.0104
0.00012815,-0.04,-0.0224
0.0001282,-0.04,0.0448
0.00012825,-0.04,-0.0288
0.0001283,-0.04,-0.0208
0.00012835,0,0.032
0.0001284,-0.08,-0.0384
0.00012845,0,-8e-04
0.0001285,-0.08,-0.0056
0.00012855,-0.04,-0.0248
0.0001286,-0.04,-0.0096
0.00012865,-0.04,-0.0048
0.0001287,-0.04,-0.0384
0.00012875,-0.04,-0.004
0.0001288,-0.04,-0.0216
0.00012885,-0.04,-0.0192
0.0001289,0,-0.0136
0.00012895,-0.04,-0.0256
0.000129,0,-0.0248
0.00012905,0,-0.016
0.0001291,-0.04,-0.0208
0.00012915,-0.04,-0.0296
0.0001292,-0.04,-0.0152
0.00012925,-0.04,-0.0304
0.0001293,-0.04,-0.0216
0.00012935,-0.04,-0.024
0.0001294,-0.04,-0.0248
0.00012945,-0.04,-0.0176
0.0001295,0,-0.028
0.00012955,-0.04,-0.02
0.0001296,-0.04,-0.0256
0.00012965,0,-0.0232
0.0001297,-0.04,-0.0208
0.00012975,-0.04,-0.024
0.0001298,-0.04,-0.0224
0.00012985,0,-0.016
0.0001299,-0.04,-0.0224
0.00012995,0,-0.0224
0.00013,-0.04,-0.0184
0.00013005,0,-0.012
0.0001301,-0.04,-0.0176
0.00013015,-0.04,-0.012
0.0001302,0,-0.0152
0.00013025,-0.04,-0.0104
0.0001303,-0.04,-0.012
0.00013035,0,-0.0112
0.0001304,-0.04,-0.008
0.00013045,0,-0.0032
0.0001305,-0.04,-0.0096
0.00013055,-0.04,-0.0088
0.0001306,0,-0.0056
0.00013065,-0.04,-0.008
0.0001307,0,8e-04
0.00013075,-0.08,-0.0072
0.0001308,-0.04,-8e-04
0.00013085,-0.04,-0.0024
0.0001309,-0.04,0.0024
0.00013095,0,-0.0032
0.000131,-0.04,0.0032
0.00013105,0,8e-04
0.0001311,-0.08,0.0104
0.00013115,-0.08,-0.0024
0.0001312,-0.04,0.0048
0.00013125,-0.04,0.0048
0.0001313,-0.04,0.0064
0.00013135,-0.04,0.0072
0.0001314,-0.04,0.0104
0.00013145,-0.04,0.0032
0.0001315,-0.04,0.0064
0.00013155,0,0.0104
0.0001316,0,0.0128
0.00013165,-0.04,0.0064
0.0001317,-0.04,8e-04
0.00013175,0,0.0056
0.0001318,-0.04,0.0112
0.00013185,-0.04,0.0112
0.0001319,0,0.0032
0.00013195,0,0.004
0.000132,-0.04,0.0064
0.00013205,-0.04,0.008
0.0001321,-0.04,0.0096
0.00013215,-0.04,0.0096
0.0001322,-0.04,0.0024
0.00013225,-0.04,0.0104
0.0001323,-0.04,0.0104
0.00013235,-0.04,0.0168
0.0001324,0,0.0136
0.00013245,-0.04,0.0136
0.0001325,-0.04,0.0144
0.00013255,-0.04,0.0224
0.0001326,0,0.0264
0.00013265,-0.04,0.0288
0.0001327,-0.04,0.0288
0.00013275,-0.04,0.0288
0.0001328,-0.04,0.04
0.00013285,-0.04,0.0424
0.0001329,-0.04,0.048
0.00013295,-0.04,0.0432
0.000133,-0.04,0.0496
0.00013305,-0.04,0.052
0.0001331,0,0.0592
0.00013315,0,0.056
0.0001332,-0.04,0.0592
0.00013325,-0.04,0.0544
0.0001333,0,0.0592
0.00013335,0,0.0584
0.0001334,0,0.0576
0.00013345,-0.04,0.0544
0.0001335,0,0.0488
0.00013355,-0.04,0.0496
0.0001336,-0.04,0.0456
0.00013365,0,0.0408
0.0001337,-0.04,0.0384
0.00013375,0,0.0296
0.0001338,-0.04,0.0288
0.00013385,0,0.0304
0.0001339,-0.04,0.0176
0.00013395,-0.04,0.0176
0.000134,-0.04,0.0104
0.00013405,0,0.012
0.0001341,-0.04,0.0064
0.00013415,-0.04,0.0064
0.0001342,-0.04,-0.0024
0.00013425,-0.04,0.0024
0.0001343,0,-0.0056
0.00013435,-0.04,-0.0056
0.0001344,-0.04,-0.0032
0.00013445,0,-0.0088
0.0001345,-0.04,-0.0112
0.00013455,-0.04,-0.012
0.0001346,0,-0.0144
0.00013465,-0.04,-0.0152
0.0001347,-0.04,-0.0208
0.00013475,0,-0.0248
0.0001348,-0.04,-0.0272
0.00013485,-0.04,-0.0296
0.0001349,-0.04,-0.0344
0.00013495,-0.04,-0.0384
0.000135,0,-0.0432
0.00013505,-0.04,-0.0496
0.0001351,-0.04,-0.0512
0.00013515,0,-0.06
0.0001352,-0.04,-0.06
0.00013525,-0.04,-0.0664
0.0001353,-0.04,-0.068
0.00013535,0,-0.0728
0.0001354,0,-0.0736
0.00013545,-0.04,-0.0768
0.0001355,-0.04,-0.0768
0.00013555,-0.04,-0.08
0.0001356,0,-0.0792
0.00013565,-0.04,-0.0768
0.0001357,0,-0.0792
0.00013575,-0.04,-0.0784
0.0001358,0,-0.0776
0.00013585,-0.04,-0.0736
0.0001359,0,-0.0752
0.00013595,-0.04,-0.0664
0.000136,-0.04,-0.0672
0.00013605,-0.04,-0.0616
0.0001361,-0.04,-0.0616
0.00013615,-0.04,-0.048
0.0001362,-0.04,-0.0568
0.00013625,-0.04,-0.0416
0.0001363,0,-0.0376
0.00013635,-0.04,-0.0344
0.0001364,-0.04,-0.0288
0.00013645,-0.04,-0.0216
0.0001365,-0.04,-0.0176
0.00013655,-0.04,-0.0096
0.0001366,0,-0.0024
0.00013665,0,0.0016
0.0001367,-0.04,0.0096
0.00013675,-0.04,0.0112
0.0001368,-0.04,0.0176
0.00013685,0,0.0248
0.0001369,0,0.0312
0.00013695,0,0.0296
0.000137,-0.04,0.0416
0.00013705,0,0.0336
0.0001371,-0.04,0.0592
0.00013715,0,0.0432
0.0001372,0,0.0512
0.00013725,-0.04,0.0584
0.0001373,-0.04,0.0504
0.00013735,-0.04,0.0608
0.0001374,0,0.072
0.00013745,-0.04,0.0576
0.0001375,-0.04,0.0576
0.00013755,-0.04,0.0728
0.0001376,-0.04,0.0672
0.00013765,-0.04,0.0608
0.0001377,-0.04,0.0752
0.00013775,-0.04,0.064
0.0001378,-0.04,0.0608
0.00013785,-0.04,0.0768
0.0001379,0,0.0656
0.00013795,0,0.056
0.000138,-0.08,0.0704
0.00013805,-0.04,0.0616
0.0001381,0,0.0544
0.00013815,0,0.0648
0.0001382,-0.04,0.0488
0.00013825,-0.04,0.0512
0.0001383,-0.04,0.0552
0.00013835,-0.04,0.0456
0.0001384,-0.04,0.0424
0.00013845,0,0.0488
0.0001385,-0.04,0.032
0.00013855,0,0.0376
0.0001386,-0.04,0.04
0.00013865,0,0.0288
0.0001387,-0.04,0.0288
0.00013875,0,0.0272
0.0001388,-0.04,0.02
0.00013885,-0.04,0.0208
0.0001389,-0.04,0.0192
0.00013895,0,0.008
0.000139,0,0.012
0.00013905,-0.04,8e-04
0.0001391,0,0.0016
0.00013915,-0.04,-0.0064
0.0001392,-0.04,-0.0072
0.00013925,0,-0.0208
0.0001393,-0.04,-0.0176
0.00013935,-0.04,-0.028
0.0001394,0,-0.0304
0.00013945,0,-0.0376
0.0001395,-0.04,-0.032
0.00013955,0,-0.06
0.0001396,-0.04,-0.0384
0.00013965,-0.04,-0.0488
0.0001397,-0.04,-0.0648
0.00013975,0,-0.0544
0.0001398,-0.04,-0.056
0.00013985,-0.04,-0.0624
0.0001399,0,-0.0536
0.00013995,0,-0.0624
0.00014,-0.04,-0.056
0.00014005,0,-0.0584
0.0001401,0,-0.0456
0.00014015,-0.04,-0.0568
0.0001402,-0.04,-0.0448
0.00014025,-0.04,-0.0432
0.0001403,-0.04,-0.0448
0.00014035,0,-0.0328
0.0001404,-0.04,-0.0344
0.00014045,-0.04,-0.0304
0.0001405,0,-0.028
0.00014055,-0.04,-0.0192
0.0001406,-0.04,-0.0224
0.00014065,0,-0.0144
0.0001407,-0.04,-0.0136
0.00014075,-0.04,-0.0128
0.0001408,-0.04,-0.0072
0.00014085,-0.04,-0.008
0.0001409,-0.04,-0.0064
0.00014095,0,-0.0064
0.000141,-0.04,-0.0016
0.00014105,-0.04,-0.0024
0.0001411,-0.04,-0.0024
0.00014115,-0.04,-0.0032
0.0001412,-0.04,0
0.00014125,-0.04,-0.0024
0.0001413,-0.04,0.0016
0.00014135,0,-0.0024
0.0001414,-0.04,8e-04
0.00014145,-0.04,0
0.0001415,-0.04,0.004
0.00014155,-0.04,8e-04
0.0001416,-0.04,0.0056
0.00014165,-0.04,0.0064
0.0001417,-0.04,0.0064
0.00014175,-0.04,0.0112
0.0001418,-0.04,0.0064
0.00014185,-0.04,0.0224
0.0001419,-0.04,0.0096
0.00014195,0,0.024
0.000142,-0.04,0.0144
0.00014205,0,0.0264
0.0001421,-0.04,0.0232
0.00014215,0,0.0312
0.0001422,-0.04,0.0232
0.00014225,0,0.0352
0.0001423,-0.04,0.036
0.00014235,-0.04,0.028
0.0001424,-0.04,0.0376
0.00014245,0,0.04
0.0001425,-0.04,0.024
0.00014255,-0.04,0.036
0.0001426,0,0.0552
0.00014265,-0.04,0.0064
0.0001427,-0.04,0.0456
0.00014275,-0.04,0.0488
0.0001428,-0.04,0.0064
0.00014285,-0.04,0.0456
0.0001429,0,0.036
0.00014295,-0.04,0.0136
0.000143,0,0.04
0.00014305,-0.04,0.0232
0.0001431,0,0.0096
0.00014315,-0.04,0.0416
0.0001432,-0.04,0.02
0.00014325,-0.04,0.0168
0.0001433,-0.04,0.0264
0.00014335,-0.08,0.0192
0.0001434,-0.04,0.0192
0.00014345,0,0.0296
0.0001435,-0.04,0.0168
0.00014355,0,0.0176
0.0001436,-0.04,0.0272
0.00014365,-0.04,0.016
0.0001437,0,0.0192
0.00014375,-0.04,0.02
0.0001438,-0.04,0.0176
0.00014385,-0.04,0.0136
0.0001439,0,0.0224
0.00014395,-0.04,0.0048
0.000144,-0.04,0.0136
0.00014405,-0.04,0.008
0.0001441,-0.04,0.008
0.00014415,-0.04,8e-04
0.0001442,0,0.008
0.00014425,-0.04,-0.0048
0.0001443,-0.04,0.0016
0.00014435,0,-0.0064
0.0001444,-0.04,-0.0056
0.00014445,0,-0.0064
0.0001445,-0.04,-0.0072
0.00014455,-0.04,-0.0128
0.0001446,-0.04,-0.0144
0.00014465,-0.08,-0.0176
0.0001447,0,-0.0184
0.00014475,-0.04,-0.0192
0.0001448,0,-0.028
0.00014485,-0.04,-0.0256
0.0001449,-0.04,-0.0304
0.00014495,0,-0.0344
0.000145,0,-0.036
0.00014505,0,-0.0384
0.0001451,-0.04,-0.0448
0.00014515,-0.04,-0.0472
0.0001452,-0.04,-0.0504
0.00014525,0,-0.0536
0.0001453,-0.04,-0.0496
0.00014535,-0.04,-0.0624
0.0001454,-0.04,-0.056
0.00014545,-0.04,-0.06
0.0001455,-0.04,-0.0576
0.00014555,0,-0.0608
0.0001456,0,-0.0584
0.00014565,-0.04,-0.0608
0.0001457,-0.04,-0.0552
0.00014575,0,-0.0624
0.0001458,0,-0.0528
0.00014585,0,-0.0568
0.0001459,-0.04,-0.0496
0.00014595,-0.04,-0.0528
0.000146,0,-0.0544
0.00014605,-0.08,-0.0256
0.0001461,-0.04,-0.0608
0.00014615,0,-0.0544
0.0001462,-0.04,-0.0088
0.00014625,0,-0.0504
0.0001463,-0.04,-0.0544
0.00014635,-0.04,0.0032
0.0001464,-0.04,-0.0472
0.00014645,0,-0.0312
0.0001465,-0.04,0.0072
0.00014655,0,-0.0496
0.0001466,-0.04,-0.0032
0.00014665,0,0.0168
0.0001467,0,-0.0312
0.00014675,-0.04,0.0064
0.0001468,0,0.0104
0.00014685,-0.04,-0.0024
0.0001469,-0.04,0.0264
0.00014695,-0.04,0.016
0.000147,0,0.0104
0.00014705,0,0.0384
0.0001471,-0.04,0.0296
0.00014715,0,0.036
0.0001472,-0.04,0.0432
0.00014725,-0.04,0.0496
0.0001473,-0.04,0.0432
0.00014735,-0.04,0.0624
0.0001474,-0.04,0.0584
0.00014745,0,0.0624
0.0001475,0,0.0704
0.00014755,-0.04,0.072
0.0001476,-0.04,0.0744
0.00014765,-0.04,0.0808
0.0001477,0,0.0856
0.00014775,0,0.0768
0.0001478,-0.04,0.092
0.00014785,0,0.084
0.0001479,-0.04,0.088
0.00014795,-0.04,0.0896
0.000148,-0.04,0.084
0.00014805,-0.04,0.0848
0.0001481,-0.04,0.088
0.00014815,-0.04,0.08
0.0001482,-0.04,0.0808
0.00014825,-0.04,0.0832
0.0001483,-0.04,0.072
0.00014835,0,0.0736
0.0001484,-0.04,0.0712
0.00014845,-0.04,0.0656
0.0001485,-0.04,0.0592
0.00014855,-0.04,0.0592
0.0001486,0,0.048
0.00014865,-0.04,0.0496
0.0001487,0,0.0392
0.00014875,-0.04,0.0384
0.0001488,-0.04,0.0264
0.00014885,-0.04,0.0296
0.0001489,-0.04,0.0168
0.00014895,-0.04,0.016
0.000149,-0.04,0.0064
0.00014905,-0.04,0.008
0.0001491,-0.04,-0.008
0.00014915,-0.04,-0.0032
0.0001492,0,-0.0192
0.00014925,0,-0.0144
0.0001493,-0.08,-0.0192
0.00014935,0,-0.0312
0.0001494,0,-0.0272
0.00014945,-0.04,-0.0424
0.0001495,-0.04,-0.0352
0.00014955,0,-0.0464
0.0001496,-0.04,-0.0376
0.00014965,-0.04,-0.0528
0.0001497,-0.04,-0.0408
0.00014975,-0.04,-0.0576
0.0001498,0,-0.048
0.00014985,-0.04,-0.0536
0.0001499,0,-0.0544
0.00014995,-0.04,-0.0576
0.00015,-0.04,-0.0528
0.00015005,-0.04,-0.0584
0.0001501,-0.04,-0.0536
0.00015015,-0.04,-0.06
0.0001502,-0.04,-0.0576
0.00015025,-0.04,-0.0576
0.0001503,-0.04,-0.0592
0.00015035,0,-0.056
0.0001504,-0.04,-0.06
0.00015045,0,-0.0552
0.0001505,-0.04,-0.06
0.00015055,0,-0.0576
0.0001506,0,-0.0608
0.00015065,0,-0.0544
0.0001507,0,-0.0592
0.00015075,-0.04,-0.0536
0.0001508,-0.04,-0.06
0.00015085,-0.04,-0.0472
0.0001509,-0.04,-0.0544
0.00015095,0,-0.0464
0.000151,0,-0.0464
0.00015105,-0.04,-0.0392
0.0001511,-0.04,-0.0376
0.00015115,-0.04,-0.0336
0.0001512,-0.04,-0.0296
0.00015125,-0.04,-0.0248
0.0001513,-0.08,-0.0192
0.00015135,0,-0.0176
0.0001514,0,-0.0056
0.00015145,-0.04,-0.0032
0.0001515,-0.04,0.0016
0.00015155,-0.04,0.0048
0.0001516,0,0.0128
0.00015165,-0.04,0.0168
0.0001517,-0.04,0.0232
0.00015175,0,0.024
0.0001518,-0.04,0.0232
0.00015185,0,0.0416
0.0001519,-0.04,0.0296
0.00015195,-0.04,0.032
0.000152,0,0.0432
0.00015205,-0.04,0.032
0.0001521,-0.04,0.0368
0.00015215,-0.04,0.0528
0.0001522,-0.04,0.0256
0.00015225,0,0.0368
0.0001523,-0.04,0.048
0.00015235,0,0.0328
0.0001524,-0.04,0.0296
0.00015245,-0.04,0.0496
0.0001525,-0.04,0.0232
0.00015255,0,0.0304
0.0001526,-0.04,0.0392
0.00015265,-0.04,0.0256
0.0001527,-0.04,0.0216
0.00015275,-0.04,0.0368
0.0001528,-0.04,0.0152
0.00015285,-0.04,0.024
0.0001529,-0.04,0.0216
0.00015295,-0.04,0.0112
0.000153,-0.04,0.0136
0.00015305,0,0.0168
0.0001531,-0.04,0.0064
0.00015315,-0.04,0.0096
0.0001532,-0.04,0.008
0.00015325,-0.04,-0.0024
0.0001533,0,0.004
0.00015335,-0.08,0
0.0001534,0,-0.0056
0.00015345,-0.08,-0.0056
0.0001535,-0.04,-0.0016
0.00015355,0,-0.0152
0.0001536,-0.04,-0.0072
0.00015365,-0.04,-0.0112
0.0001537,0,-0.0184
0.00015375,-0.04,-0.0112
0.0001538,0,-0.0184
0.00015385,-0.04,-0.0152
0.0001539,-0.04,-0.0176
0.00015395,0,-0.02
0.000154,-0.04,-0.0216
0.00015405,0,-0.016
0.0001541,-0.04,-0.0208
0.00015415,-0.04,-0.016
0.0001542,0,-0.0192
0.00015425,-0.04,-0.0128
0.0001543,0,-0.0144
0.00015435,-0.04,-0.0064
0.0001544,0,-0.0144
0.00015445,-0.04,0.0064
0.0001545,-0.04,-0.0088
0.00015455,-0.04,0.008
0.0001546,0,0.0032
0.00015465,-0.04,0.0128
0.0001547,0,0.0112
0.00015475,-0.04,0.0176
0.0001548,-0.04,0.016
0.00015485,0,0.0208
0.0001549,-0.04,0.0272
0.00015495,-0.04,0.0192
0.000155,-0.04,0.0264
0.00015505,-0.04,0.0248
0.0001551,-0.04,0.0288
0.00015515,-0.04,0.0248
0.0001552,0,0.0328
0.00015525,-0.04,0.0224
0.0001553,-0.04,0.0296
0.00015535,-0.04,0.0216
0.0001554,-0.04,0.0264
0.00015545,-0.04,0.0296
0.0001555,-0.04,0.0248
0.00015555,-0.04,0.0216
0.0001556,0,0.0296
0.00015565,0,0.0224
0.0001557,0,0.0272
0.00015575,-0.04,0.0224
0.0001558,0,0.0256
0.00015585,-0.04,0.0256
0.0001559,0,0.0272
0.00015595,-0.04,0.024
0.000156,-0.04,0.0256
0.00015605,-0.04,0.0232
0.0001561,0,0.0232
0.00015615,-0.04,0.0256
0.0001562,-0.04,0.016
0.00015625,-0.04,0.024
0.0001563,0,0.0144
0.00015635,-0.04,0.016
0.0001564,-0.08,0.0136
0.00015645,-0.04,0.0128
0.0001565,0,0.0056
0.00015655,-0.04,0.0104
0.0001566,-0.04,0
0.00015665,-0.04,0.0032
0.0001567,0,8e-04
0.00015675,-0.04,-0.008
0.0001568,0,-0.0048
0.00015685,0,-0.008
0.0001569,-0.04,-0.0072
0.00015695,-0.04,-0.0128
0.000157,0,-0.0056
0.00015705,-0.04,-0.0176
0.0001571,-0.04,-0.0064
0.00015715,0,-0.0176
0.0001572,-0.04,-0.0088
0.00015725,-0.04,-0.0152
0.0001573,-0.04,-0.008
0.00015735,-0.04,-0.0136
0.0001574,-0.04,-0.0096
0.00015745,-0.04,-0.016
0.0001575,0,-0.0048
0.00015755,-0.04,-0.0176
0.0001576,-0.04,-0.0096
0.00015765,-0.04,-0.008
0.0001577,-0.04,-0.016
0.00015775,-0.04,-0.0032
0.0001578,-0.04,-0.02
0.00015785,-0.04,-0.0032
0.0001579,-0.04,-0.0136
0.00015795,0,-0.0056
0.000158,-0.04,-0.016
0.00015805,-0.04,-0.0016
0.0001581,-0.04,-0.016
0.00015815,0,-0.0056
0.0001582,-0.04,-0.0128
0.00015825,0,-0.008
0.0001583,-0.04,-0.0112
0.00015835,-0.04,-0.0104
0.0001584,-0.04,-0.0144
0.00015845,-0.04,-0.0112
0.0001585,0,-0.0128
0.00015855,0,-0.0176
0.0001586,-0.04,-0.0128
0.00015865,-0.04,-0.0168
0.0001587,0,-0.016
0.00015875,-0.04,-0.0224
0.0001588,0,-0.0176
0.00015885,0,-0.0168
0.0001589,-0.04,-0.0208
0.00015895,-0.04,-0.0184
0.000159,-0.04,-0.024
0.00015905,0,-0.0184
0.0001591,-0.04,-0.0224
0.00015915,-0.04,-0.0224
0.0001592,-0.04,-0.0192
0.00015925,0,-0.0256
0.0001593,-0.04,-0.0192
0.00015935,-0.04,-0.0272
0.0001594,-0.04,-0.0256
0.00015945,-0.04,-0.0216
0.0001595,-0.04,-0.0216
0.00015955,0,-0.0256
0.0001596,-0.04,-0.0192
0.00015965,-0.04,-0.0224
0.0001597,-0.04,-0.0224
0.00015975,0,-0.0192
0.0001598,0,-0.0184
0.00015985,-0.04,-0.0176
0.0001599,-0.04,-0.0168
0.00015995,-0.04,-0.0152
0.00016,0,-0.0144
0.00016005,-0.04,-0.0072
0.0001601,-0.08,-0.0128
0.00016015,-0.04,-0.0072
0.0001602,-0.04,-0.0024
0.00016025,0,-8e-04
0.0001603,-0.04,-0.0024
0.00016035,-0.04,8e-04
0.0001604,-0.04,0.0064
0.00016045,-0.04,0.0032
0.0001605,-0.04,0.0176
0.00016055,-0.04,-0.0064
0.0001606,-0.04,0.0288
0.00016065,-0.04,0.016
0.0001607,-0.04,-0.0024
0.00016075,-0.04,0.0304
0.0001608,-0.04,0.0168
0.00016085,-0.04,0.0096
0.0001609,0,0.0224
0.00016095,-0.04,0.016
0.000161,0,0.0144
0.00016105,-0.04,0.0296
0.0001611,-0.04,0.0128
0.00016115,-0.04,0.0176
0.0001612,0,0.0272
0.00016125,-0.04,0.0216
0.0001613,-0.04,0.0256
0.00016135,0,0.0296
0.0001614,-0.04,0.0224
0.00016145,-0.04,0.0304
0.0001615,0,0.0368
0.00016155,0,0.0328
0.0001616,-0.04,0.0368
0.00016165,-0.04,0.0384
0.0001617,-0.04,0.0384
0.00016175,-0.04,0.0432
0.0001618,-0.04,0.048
0.00016185,0,0.0448
0.0001619,-0.04,0.0416
0.00016195,0,0.0464
0.000162,-0.04,0.0488
0.00016205,-0.04,0.0504
0.0001621,-0.04,0.0424
0.00016215,-0.04,0.0368
0.0001622,0,0.0448
0.00016225,-0.04,0.0432
0.0001623,-0.04,0.0392
0.00016235,0,0.0336
0.0001624,-0.04,0.0304
0.00016245,-0.04,0.0232
0.0001625,0,0.0264
0.00016255,-0.04,0.0256
0.0001626,-0.04,0.0064
0.00016265,-0.04,0.0216
0.0001627,0,8e-04
0.00016275,-0.04,0.004
0.0001628,-0.04,0.004
0.00016285,-0.04,0
0.0001629,0,-0.008
0.00016295,-0.04,-0.0088
0.000163,0,-0.0128
0.00016305,0,-0.016
0.0001631,-0.04,-0.012
0.00016315,-0.04,-0.0232
0.0001632,-0.04,-0.0232
0.00016325,-0.04,-0.0248
0.0001633,-0.04,-0.0192
0.00016335,0,-0.028
0.0001634,-0.04,-0.0272
0.00016345,-0.04,-0.0304
0.0001635,-0.04,-0.0312
0.00016355,-0.08,-0.028
0.0001636,-0.04,-0.0296
0.00016365,-0.04,-0.0312
0.0001637,-0.04,-0.032
0.00016375,0,-0.0344
0.0001638,-0.04,-0.0256
0.00016385,-0.04,-0.0576
0.0001639,-0.04,0.008
0.00016395,-0.04,-0.064
0.000164,-0.04,-0.0464
0.00016405,-0.04,0.0096
0.0001641,-0.04,-0.0656
0.00016415,-0.04,-0.0264
0.0001642,0,-0.0304
0.00016425,-0.04,-0.0424
0.0001643,0,-0.032
0.00016435,-0.04,-0.0176
0.0001644,-0.04,-0.056
0.00016445,-0.04,-0.0208
0.0001645,-0.04,-0.0344
0.00016455,0,-0.0304
0.0001646,-0.04,-0.0312
0.00016465,-0.04,-0.0296
0.0001647,-0.04,-0.0376
0.00016475,0,-0.0216
0.0001648,0,-0.0272
0.00016485,-0.04,-0.028
0.0001649,-0.04,-0.0184
0.00016495,-0.04,-0.0272
0.000165,0,-0.016
0.00016505,-0.04,-0.0152
0.0001651,-0.04,-0.012
0.00016515,0,-0.012
0.0001652,-0.04,-0.0032
0.00016525,-0.04,-0.0024
0.0001653,0,0.0016
0.00016535,0,0.0088
0.0001654,0,0.012
0.00016545,0,0.016
0.0001655,-0.04,0.024
0.00016555,0,0.0256
0.0001656,-0.04,0.0288
0.00016565,-0.04,0.036
0.0001657,0,0.0336
0.00016575,-0.04,0.0392
0.0001658,0,0.0424
0.00016585,-0.04,0.0392
0.0001659,-0.04,0.0448
0.00016595,0,0.0416
0.000166,-0.04,0.0424
0.00016605,-0.04,0.0424
0.0001661,-0.04,0.0432
0.00016615,-0.04,0.0384
0.0001662,-0.04,0.0368
0.00016625,-0.04,0.0384
0.0001663,-0.04,0.0328
0.00016635,-0.04,0.0336
0.0001664,0,0.0296
0.00016645,-0.04,0.032
0.0001665,-0.04,0.0288
0.00016655,0,0.0248
0.0001666,-0.04,0.0208
0.00016665,-0.04,0.0352
0.0001667,-0.04,0.0144
0.00016675,-0.04,0.02
0.0001668,-0.04,0.0264
0.00016685,0,0.0064
0.0001669,-0.04,0.0256
0.00016695,-0.04,0.02
0.000167,-0.08,0.004
0.00016705,-0.04,0.0136
0.0001671,-0.04,0.024
0.00016715,-0.04,0.0032
0.0001672,-0.04,0.0136
0.00016725,0,0.0168
0.0001673,0,8e-04
0.00016735,-0.04,0.0136
0.0001674,-0.04,0.016
0.00016745,0,0.004
0.0001675,-0.04,0.0112
0.00016755,-0.04,0.0152
0.0001676,0,0.0032
0.00016765,0,0.0128
0.0001677,-0.04,0.0112
0.00016775,0,0.004
0.0001678,-0.04,0.0112
0.00016785,0,0.0112
0.0001679,0,0.0016
0.00016795,-0.04,0.0016
0.000168,0,0.0096
0.00016805,-0.04,0.0032
0.0001681,0,0
0.00016815,-0.04,-0.0064
0.0001682,-0.04,-0.0056
0.00016825,-0.04,8e-04
0.0001683,0,-0.0024
0.00016835,-0.04,-0.0136
0.0001684,-0.04,-0.0128
0.00016845,-0.04,-0.0096
0.0001685,-0.04,-0.0128
0.00016855,0,-0.0128
0.0001686,-0.04,-0.0128
0.00016865,-0.04,-0.0216
0.0001687,-0.04,-0.0176
0.00016875,-0.04,-0.0176
0.0001688,0,-0.0144
0.00016885,-0.04,-0.0152
0.0001689,-0.04,-0.0184
0.00016895,0,-0.0216
0.000169,0,-0.0128
0.00016905,0,-0.0128
0.0001691,-0.04,-0.0128
0.00016915,-0.04,-0.012
0.0001692,0,-0.0128
0.00016925,-0.04,-0.0088
0.0001693,-0.04,-0.0048
0.00016935,-0.04,-0.004
0.0001694,0,-0.0032
0.00016945,-0.04,-0.0016
0.0001695,0,0.0032
0.00016955,-0.04,0.0048
0.0001696,-0.04,0.0088
0.00016965,-0.04,0.0064
0.0001697,-0.04,0.0048
0.00016975,-0.04,0.0064
0.0001698,0,0.0112
0.00016985,-0.04,0.0104
0.0001699,0,0.0072
0.00016995,-0.04,0.0064
0.00017,-0.04,0.0048
0.00017005,-0.04,0.0048
0.0001701,-0.04,8e-04
0.00017015,0,-0.0016
0.0001702,-0.04,-0.0064
0.00017025,-0.04,-0.008
0.0001703,-0.04,-0.008
0.00017035,-0.04,-0.0144
0.0001704,-0.04,-0.0176
0.00017045,-0.04,-0.02
0.0001705,-0.04,-0.0224
0.00017055,-0.04,-0.024
0.0001706,-0.04,-0.0256
0.00017065,-0.04,-0.028
0.0001707,0,-0.0288
0.00017075,-0.04,-0.032
0.0001708,-0.04,-0.0312
0.00017085,-0.04,-0.0256
0.0001709,-0.04,-0.032
0.00017095,0,-0.0288
0.000171,-0.04,-0.028
0.00017105,-0.04,-0.028
0.0001711,0,-0.0224
0.00017115,0,-0.0264
0.0001712,-0.04,-0.0232
0.00017125,-0.04,-0.0184
0.0001713,0,-0.0184
0.00017135,0,-0.016
0.0001714,-0.04,-0.012
0.00017145,0,-0.016
0.0001715,-0.04,-0.0064
0.00017155,0,-0.0128
0.0001716,-0.08,-0.0072
0.00017165,0,-0.0048
0.0001717,-0.04,-0.0056
0.00017175,-0.04,-0.0056
0.0001718,-0.04,-0.0048
0.00017185,-0.04,-0.0056
0.0001719,-0.04,-0.0016
0.00017195,-0.04,0.0016
0.000172,0,-0.0032
0.00017205,-0.04,0.004
0.0001721,-0.04,0.0032
0.00017215,-0.04,0.0064
0.0001722,0,0.0072
0.00017225,-0.04,0.0096
0.0001723,-0.04,0.0136
0.00017235,-0.04,0.0144
0.0001724,-0.04,0.0184
0.00017245,-0.08,0.0208
0.0001725,-0.04,0.0224
0.00017255,0,0.0264
0.0001726,-0.04,0.0272
0.00017265,-0.04,0.032
0.0001727,0,0.036
0.00017275,-0.04,0.0352
0.0001728,-0.04,0.0368
0.00017285,-0.04,0.04
0.0001729,-0.04,0.0416
0.00017295,0,0.0424
0.000173,-0.04,0.0448
0.00017305,-0.04,0.0432
0.0001731,-0.04,0.0448
0.00017315,-0.04,0.0416
0.0001732,-0.04,0.04
0.00017325,0,0.0416
0.0001733,-0.04,0.0392
0.00017335,0,0.036
0.0001734,-0.04,0.0352
0.00017345,-0.04,0.0304
0.0001735,-0.04,0.032
0.00017355,0,0.0248
0.0001736,-0.08,0.0216
0.00017365,0,0.0208
0.0001737,-0.04,0.016
0.00017375,0,0.0128
0.0001738,-0.04,0.0104
0.00017385,-0.04,0.0072
0.0001739,-0.04,8e-04
0.00017395,-0.04,0
0.000174,0,-0.0032
0.00017405,0,-0.0056
0.0001741,-0.04,-0.008
0.00017415,-0.04,-0.0128
0.0001742,-0.04,-0.0128
0.00017425,0,-0.0192
0.0001743,-0.04,-0.016
0.00017435,-0.04,-0.024
0.0001744,-0.04,-0.0248
0.00017445,-0.04,-0.0272
0.0001745,0,-0.0288
0.00017455,0,-0.0304
0.0001746,-0.04,-0.0352
0.00017465,-0.04,-0.032
0.0001747,0,-0.036
0.00017475,-0.04,-0.0352
0.0001748,0,-0.04
0.00017485,-0.04,-0.0344
0.0001749,-0.04,-0.0384
0.00017495,0,-0.0384
0.000175,-0.04,-0.0352
0.00017505,0,-0.0376
0.0001751,-0.04,-0.0312
0.00017515,0,-0.032
0.0001752,-0.04,-0.0304
0.00017525,-0.04,-0.028
0.0001753,-0.04,-0.0224
0.00017535,-0.04,-0.0248
0.0001754,-0.04,-0.0128
0.00017545,-0.04,-0.016
0.0001755,-0.04,-0.0064
0.00017555,-0.04,-0.0088
0.0001756,-0.04,-0.0024
0.00017565,-0.04,0.0032
0.0001757,0,0.0032
0.00017575,-0.04,0.0064
0.0001758,-0.08,0.0104
0.00017585,-0.04,0.0104
0.0001759,-0.04,0.0176
0.00017595,-0.04,0.016
0.000176,-0.04,0.0168
0.00017605,0,0.024
0.0001761,-0.04,0.0232
0.00017615,-0.08,0.0232
0.0001762,-0.04,0.0272
0.00017625,0,0.028
0.0001763,-0.04,0.0264
0.00017635,0,0.032
0.0001764,-0.04,0.0264
0.00017645,-0.04,0.0352
0.0001765,0,0.0328
0.00017655,-0.04,0.0304
0.0001766,-0.04,0.0336
0.00017665,0,0.0352
0.0001767,-0.04,0.0328
0.00017675,-0.04,0.036
0.0001768,0,0.0352
0.00017685,-0.04,0.0352
0.0001769,0,0.0368
0.00017695,-0.04,0.0312
0.000177,-0.04,0.0336
0.00017705,-0.04,0.0328
0.0001771,-0.04,0.0312
0.00017715,0,0.0296
0.0001772,-0.04,0.0288
0.00017725,0,0.0264
0.0001773,-0.04,0.0256
0.00017735,0,0.0256
0.0001774,-0.04,0.02
0.00017745,-0.04,0.02
0.0001775,-0.04,0.02
0.00017755,0,0.0152
0.0001776,-0.04,0.0128
0.00017765,-0.04,0.0136
0.0001777,-0.04,0.0104
0.00017775,0,0.0056
0.0001778,-0.04,0.008
0.00017785,-0.04,0.0048
0.0001779,0,0
0.00017795,-0.04,8e-04
0.000178,-0.04,8e-04
0.00017805,-0.04,-0.0056
0.0001781,-0.04,-0.0024
0.00017815,0,0
0.0001782,-0.04,-0.0224
0.00017825,0,-0.0088
0.0001783,-0.04,0.0096
0.00017835,0,-0.0408
0.0001784,-0.04,-0.0088
0.00017845,0,0.0064
0.0001785,-0.04,-0.048
0.00017855,-0.04,-0.0088
0.0001786,0,-0.0096
0.00017865,0,-0.036
0.0001787,0,-0.0152
0.00017875,0,-0.0296
0.0001788,-0.04,-0.0368
0.00017885,-0.04,-0.0088
0.0001789,-0.04,-0.0272
0.00017895,-0.04,-0.0368
0.000179,-0.04,-0.0248
0.00017905,-0.04,-0.0352
0.0001791,0,-0.0336
0.00017915,-0.08,-0.0208
0.0001792,-0.04,-0.0352
0.00017925,-0.04,-0.0336
0.0001793,-0.04,-0.0304
0.00017935,-0.04,-0.0384
0.0001794,-0.04,-0.0376
0.00017945,-0.04,-0.0208
0.0001795,-0.04,-0.044
0.00017955,-0.04,-0.028
0.0001796,-0.04,-0.0352
0.00017965,-0.04,-0.0336
0.0001797,0,-0.0384
0.00017975,-0.04,-0.0296
0.0001798,-0.04,-0.0384
0.00017985,0,-0.0272
0.0001799,-0.04,-0.0256
0.00017995,-0.04,-0.0368
0.00018,-0.04,-0.0336
0.00018005,0,-0.0272
0.0001801,0,-0.0248
0.00018015,-0.04,-0.0224
0.0001802,-0.04,-0.0224
0.00018025,0,-0.0256
0.0001803,-0.04,-0.012
0.00018035,0,-0.0176
0.0001804,-0.04,-0.0112
0.00018045,-0.04,-0.0088
0.0001805,-0.04,-0.0056
0.00018055,0,-0.004
0.0001806,-0.04,0.0032
0.00018065,-0.04,0
0.0001807,-0.04,0.0064
0.00018075,-0.04,0.0048
0.0001808,0,0.012
0.00018085,-0.04,0.0176
0.0001809,0,0.0136
0.00018095,0,0.0176
0.000181,-0.08,0.02
0.00018105,-0.04,0.0208
0.0001811,0,0.0248
0.00018115,-0.04,0.0264
0.0001812,0,0.0256
0.00018125,-0.04,0.0304
0.0001813,-0.04,0.0256
0.00018135,0,0.0296
0.0001814,-0.04,0.0424
0.00018145,-0.04,0.0232
0.0001815,-0.08,0.0384
0.00018155,-0.04,0.0384
0.0001816,-0.04,0.0248
0.00018165,-0.04,0.0528
0.0001817,0,0.0328
0.00018175,0,0.0448
0.0001818,0,0.032
0.00018185,0,0.0368
0.0001819,-0.04,0.0592
0.00018195,-0.04,0.0424
0.000182,-0.04,0.016
0.00018205,-0.04,0.0704
0.0001821,0,0.0336
0.00018215,0,0.0336
0.0001822,-0.04,0.0696
0.00018225,-0.04,0.0104
0.0001823,-0.04,0.0536
0.00018235,-0.04,0.0592
0.0001824,0,0.02
0.00018245,-0.04,0.0384
0.0001825,0,0.0448
0.00018255,-0.04,0.0192
0.0001826,-0.04,0.0488
0.00018265,0,0.0304
0.0001827,-0.04,0.0128
0.00018275,-0.04,0.036
0.0001828,-0.04,0.02
0.00018285,-0.04,0.0168
0.0001829,0,0.0224
0.00018295,-0.04,0.0128
0.000183,0,0.008
0.00018305,-0.04,0.016
0.0001831,-0.04,0.0048
0.00018315,-0.04,0.0032
0.0001832,-0.04,0.0064
0.00018325,-0.04,0
0.0001833,-0.04,0
0.00018335,-0.04,0
0.0001834,-0.04,-0.0048
0.00018345,0,-0.0088
0.0001835,-0.04,-0.0032
0.00018355,-0.04,-0.012
0.0001836,-0.04,-0.0088
0.00018365,0,-0.008
0.0001837,-0.04,-0.0152
0.00018375,0,-0.0144
0.0001838,-0.04,-0.0144
0.00018385,-0.04,-0.0184
0.0001839,-0.04,-0.0192
0.00018395,-0.04,-0.016
0.000184,-0.04,-0.0232
0.00018405,-0.04,-0.0256
0.0001841,-0.04,-0.0256
0.00018415,-0.04,-0.0248
0.0001842,-0.04,-0.0312
0.00018425,-0.04,-0.0352
0.0001843,-0.04,-0.0296
0.00018435,0,-0.0264
0.0001844,-0.04,-0.0344
0.00018445,0,-0.0408
0.0001845,-0.04,-0.0352
0.00018455,0,-0.0304
0.0001846,-0.04,-0.032
0.00018465,-0.04,-0.0312
0.0001847,0,-0.032
0.00018475,0,-0.0352
0.0001848,-0.04,-0.0304
0.00018485,-0.04,-0.0208
0.0001849,-0.04,-0.016
0.00018495,-0.04,-0.0232
0.000185,0,-0.024
0.00018505,-0.08,-0.0192
0.0001851,0,-0.0064
0.00018515,-0.04,-0.0096
0.0001852,-0.04,-0.0088
0.00018525,-0.04,-0.0104
0.0001853,-0.04,-0.008
0.00018535,-0.04,-0.0024
0.0001854,0,0
0.00018545,-0.04,-0.0032
0.0001855,-0.04,-0.0048
0.00018555,0,-0.0032
0.0001856,-0.04,-0.008
0.00018565,-0.04,0.004
0.0001857,-0.04,0.0136
0.00018575,0,-0.0152
0.0001858,-0.04,0.004
0.00018585,0,0.0032
0.0001859,-0.04,0.0064
0.00018595,0,0.004
0.000186,-0.04,0.0096
0.00018605,-0.04,-0.0032
0.0001861,-0.04,0.016
0.00018615,-0.04,0.0176
0.0001862,-0.04,0.0144
0.00018625,-0.04,0.016
0.0001863,-0.04,0.0192
0.00018635,-0.04,0.0184
0.0001864,0,0.0288
0.00018645,-0.04,0.0328
0.0001865,0,0.0288
0.00018655,0,0.032
0.0001866,-0.04,0.0312
0.00018665,-0.04,0.0368
0.0001867,-0.04,0.0408
0.00018675,-0.04,0.036
0.0001868,-0.08,0.0368
0.00018685,0,0.0368
0.0001869,-0.04,0.0392
0.00018695,-0.04,0.0376
0.000187,-0.04,0.036
0.00018705,0,0.0352
0.0001871,-0.04,0.0352
0.00018715,0,0.0328
0.0001872,-0.04,0.0328
0.00018725,0,0.0304
0.0001873,-0.04,0.0288
0.00018735,-0.04,0.0288
0.0001874,0,0.024
0.00018745,-0.04,0.0296
0.0001875,-0.04,0.0256
0.00018755,0,0.0192
0.0001876,-0.04,0.02
0.00018765,-0.04,0.0256
0.0001877,-0.04,0.0168
0.00018775,0,0.02
0.0001878,-0.04,0.0152
0.00018785,0,0.016
0.0001879,0,0.0144
0.00018795,0,0.0072
0.000188,-0.04,0.0104
0.00018805,0,0.0096
0.0001881,0,0.0032
0.00018815,-0.04,-0.0024
0.0001882,0,-0.0048
0.00018825,0,-0.0056
0.0001883,0,-0.0088
0.00018835,-0.04,-0.0104
0.0001884,-0.04,-0.0152
0.00018845,-0.04,-0.0184
0.0001885,-0.04,-0.0192
0.00018855,-0.04,-0.0248
0.0001886,-0.04,-0.0256
0.00018865,-0.04,-0.0288
0.0001887,-0.04,-0.0312
0.00018875,0,-0.0344
0.0001888,0,-0.036
0.00018885,-0.04,-0.0384
0.0001889,0,-0.0408
0.00018895,-0.04,-0.044
0.000189,0,-0.0448
0.00018905,-0.04,-0.0472
0.0001891,-0.04,-0.0504
0.00018915,0,-0.0528
0.0001892,-0.04,-0.0552
0.00018925,-0.04,-0.0552
0.0001893,-0.04,-0.0592
0.00018935,0,-0.06
0.0001894,-0.04,-0.0624
0.00018945,-0.04,-0.0608
0.0001895,0,-0.0656
0.00018955,-0.04,-0.064
0.0001896,0,-0.0664
0.00018965,0,-0.0664
0.0001897,-0.04,-0.0656
0.00018975,-0.04,-0.0672
0.0001898,-0.04,-0.0688
0.00018985,-0.04,-0.0584
0.0001899,0,-0.0704
0.00018995,-0.04,-0.0608
0.00019,-0.04,-0.0568
0.00019005,-0.04,-0.0568
0.0001901,-0.04,-0.052
0.00019015,0,-0.0464
0.0001902,-0.04,-0.0464
0.00019025,0,-0.0384
0.0001903,0,-0.032
0.00019035,-0.04,-0.032
0.0001904,0,-0.0216
0.00019045,-0.04,-0.0184
0.0001905,-0.04,-0.012
0.00019055,0,-0.0064
0.0001906,-0.04,8e-04
0.00019065,0,0.0048
0.0001907,-0.04,0.0144
0.00019075,-0.04,0.0192
0.0001908,-0.04,0.0264
0.00019085,-0.04,0.0336
0.0001909,0,0.0392
0.00019095,0,0.0456
0.000191,0,0.0512
0.00019105,-0.04,0.0576
0.0001911,-0.04,0.0608
0.00019115,-0.04,0.0688
0.0001912,-0.04,0.0704
0.00019125,-0.04,0.076
0.0001913,-0.04,0.0832
0.00019135,-0.04,0.0816
0.0001914,-0.04,0.0896
0.00019145,0,0.0912
0.0001915,-0.04,0.0936
0.00019155,0,0.0936
0.0001916,-0.04,0.0976
0.00019165,-0.04,0.0984
0.0001917,0,0.0976
0.00019175,-0.04,0.0984
0.0001918,-0.04,0.0968
0.00019185,0,0.0968
0.0001919,-0.04,0.0944
0.00019195,-0.04,0.0912
0.000192,-0.04,0.0904
0.00019205,-0.04,0.0904
0.0001921,0,0.0832
0.00019215,-0.04,0.0808
0.0001922,-0.04,0.0776
0.00019225,-0.04,0.0736
0.0001923,-0.04,0.0712
0.00019235,-0.04,0.0672
0.0001924,-0.04,0.0616
0.00019245,0,0.0616
0.0001925,-0.04,0.0536
0.00019255,0,0.0512
0.0001926,-0.04,0.0488
0.00019265,-0.04,0.0424
0.0001927,-0.04,0.04
0.00019275,0,0.0368
0.0001928,-0.04,0.032
0.00019285,0,0.0328
0.0001929,-0.04,0.024
0.00019295,-0.04,0.02
0.000193,0,0.0184
0.00019305,-0.04,0.0144
0.0001931,-0.04,0.0048
0.00019315,-0.04,0.008
0.0001932,-0.04,-0.0056
0.00019325,0,-0.0048
0.0001933,-0.04,-0.0096
0.00019335,-0.04,-0.0224
0.0001934,-0.04,-0.0224
0.00019345,-0.04,-0.0288
0.0001935,0,-0.04
0.00019355,-0.04,-0.0384
0.0001936,0,-0.048
0.00019365,-0.04,-0.0552
0.0001937,0,-0.0576
0.00019375,-0.04,-0.0688
0.0001938,0,-0.072
0.00019385,-0.04,-0.076
0.0001939,0,-0.0856
0.00019395,-0.04,-0.0888
0.000194,-0.04,-0.0936
0.00019405,0,-0.0992
0.0001941,-0.04,-0.1016
0.00019415,0,-0.1016
0.0001942,-0.04,-0.1016
0.00019425,0,-0.1016
0.0001943,-0.04,-0.1016
0.00019435,-0.04,-0.1016
0.0001944,-0.04,-0.1016
0.00019445,-0.04,-0.1016
0.0001945,-0.04,-0.1016
0.00019455,0,-0.1016
0.0001946,0,-0.1016
0.00019465,-0.04,-0.0992
0.0001947,-0.04,-0.1016
0.00019475,-0.04,-0.0976
0.0001948,-0.04,-0.0912
0.00019485,0,-0.0896
0.0001949,-0.04,-0.0784
0.00019495,-0.04,-0.08
0.000195,-0.04,-0.0688
0.00019505,0,-0.0672
0.0001951,-0.04,-0.06
0.00019515,-0.04,-0.0576
0.0001952,-0.04,-0.0472
0.00019525,-0.04,-0.044
0.0001953,-0.04,-0.036
0.00019535,0,-0.0312
0.0001954,-0.04,-0.0272
0.00019545,0,-0.0152
0.0001955,-0.04,-0.0128
0.00019555,0,-0.0024
0.0001956,-0.04,-8e-04
0.00019565,0,0.0136
0.0001957,-0.04,0.0144
0.00019575,-0.04,0.0264
0.0001958,-0.04,0.0288
0.00019585,-0.04,0.0376
0.0001959,-0.04,0.0472
0.00019595,0,0.0496
0.000196,-0.04,0.0504
0.00019605,-0.04,0.0704
0.0001961,-0.04,0.0616
0.00019615,-0.04,0.0712
0.0001962,-0.04,0.0832
0.00019625,-0.04,0.052
0.0001963,-0.04,0.1016
0.00019635,0,0.0936
0.0001964,-0.04,0.056
0.00019645,-0.04,0.1016
0.0001965,0,0.1016
0.00019655,0,0.0784
0.0001966,-0.04,0.1016
0.00019665,0,0.1016
0.0001967,-0.04,0.084
0.00019675,-0.04,0.1016
0.0001968,0,0.1016
0.00019685,-0.04,0.088
0.0001969,-0.04,0.1016
0.00019695,-0.04,0.1016
0.000197,-0.04,0.096
0.00019705,-0.04,0.1016
0.0001971,0,0.096
0.00019715,-0.04,0.0952
0.0001972,-0.04,0.0992
0.00019725,-0.04,0.096
0.0001973,0,0.0872
0.00019735,-0.04,0.0912
0.0001974,-0.04,0.0792
0.00019745,-0.04,0.0784
0.0001975,-0.04,0.0768
0.00019755,0,0.0672
0.0001976,-0.04,0.0624
0.00019765,-0.04,0.0584
0.0001977,-0.04,0.0536
0.00019775,-0.04,0.0376
0.0001978,-0.04,0.0456
0.00019785,-0.04,0.0264
0.0001979,-0.04,0.0256
0.00019795,-0.04,0.0192
0.000198,-0.04,0.0168
0.00019805,-0.04,0.0032
0.0001981,-0.04,0.0016
0.00019815,-0.04,-0.0128
0.0001982,-0.04,-0.0096
0.00019825,-0.04,-0.016
0.0001983,-0.04,-0.024
0.00019835,0,-0.032
0.0001984,-0.04,-0.0384
0.00019845,-0.04,-0.044
0.0001985,-0.04,-0.0456
0.00019855,-0.04,-0.052
0.0001986,-0.04,-0.064
0.00019865,-0.04,-0.0656
0.0001987,-0.04,-0.0632
0.00019875,-0.04,-0.0664
0.0001988,-0.04,-0.0752
0.00019885,-0.04,-0.0808
0.0001989,-0.04,-0.0824
0.00019895,-0.04,-0.0816
0.000199,0,-0.0848
0.00019905,-0.04,-0.0864
0.0001991,-0.04,-0.0888
0.00019915,-0.04,-0.0928
0.0001992,-0.04,-0.0936
0.00019925,-0.04,-0.0888
0.0001993,-0.04,-0.088
0.00019935,-0.04,-0.0952
0.0001994,0,-0.092
0.00019945,-0.04,-0.0872
0.0001995,-0.04,-0.0776
0.00019955,0,-0.1016
0.0001996,-0.04,-0.0408
0.00019965,-0.04,-0.1016
0.0001997,-0.04,-0.092
0.00019975,-0.04,-0.032
0.0001998,-0.04,-0.1008
0.00019985,0,-0.0624
0.0001999,-0.08,-0.0584
0.00019995,-0.04,-0.0736
